sample	name	flowcell_id	treat	patient	desc
SLX-7239.D701_D502.C2FTBACXX.s_1	SLX-7239.D701_D502.C2FTBACXX.1	C2FTBACXX	E2+DHT	TH-102	TH-102 ED
SLX-7239.D701_D502.C2FTBACXX.s_2	SLX-7239.D701_D502.C2FTBACXX.2	C2FTBACXX	E2+DHT	TH-102	TH-102 ED
SLX-7239.D701_D502.C2FTBACXX.s_3	SLX-7239.D701_D502.C2FTBACXX.3	C2FTBACXX	E2+DHT	TH-102	TH-102 ED
SLX-7239.D701_D502.C2FTBACXX.s_4	SLX-7239.D701_D502.C2FTBACXX.4	C2FTBACXX	E2+DHT	TH-102	TH-102 ED
SLX-7239.D701_D502.C2FUJACXX.s_5	SLX-7239.D701_D502.C2FUJACXX.5	C2FUJACXX	E2+DHT	TH-102	TH-102 ED
SLX-7239.D701_D502.C2FUJACXX.s_6	SLX-7239.D701_D502.C2FUJACXX.6	C2FUJACXX	E2+DHT	TH-102	TH-102 ED
SLX-7239.D701_D502.C2FUJACXX.s_7	SLX-7239.D701_D502.C2FUJACXX.7	C2FUJACXX	E2+DHT	TH-102	TH-102 ED
SLX-7239.D701_D502.C2FUJACXX.s_8	SLX-7239.D701_D502.C2FUJACXX.8	C2FUJACXX	E2+DHT	TH-102	TH-102 ED
SLX-7239.D701_D504.C2FTBACXX.s_1	SLX-7239.D701_D504.C2FTBACXX.1	C2FTBACXX	Veh	TH-85	TH-85 V
SLX-7239.D701_D504.C2FTBACXX.s_2	SLX-7239.D701_D504.C2FTBACXX.2	C2FTBACXX	Veh	TH-85	TH-85 V
SLX-7239.D701_D504.C2FTBACXX.s_3	SLX-7239.D701_D504.C2FTBACXX.3	C2FTBACXX	Veh	TH-85	TH-85 V
SLX-7239.D701_D504.C2FTBACXX.s_4	SLX-7239.D701_D504.C2FTBACXX.4	C2FTBACXX	Veh	TH-85	TH-85 V
SLX-7239.D701_D504.C2FUJACXX.s_5	SLX-7239.D701_D504.C2FUJACXX.5	C2FUJACXX	Veh	TH-85	TH-85 V
SLX-7239.D701_D504.C2FUJACXX.s_6	SLX-7239.D701_D504.C2FUJACXX.6	C2FUJACXX	Veh	TH-85	TH-85 V
SLX-7239.D701_D504.C2FUJACXX.s_7	SLX-7239.D701_D504.C2FUJACXX.7	C2FUJACXX	Veh	TH-85	TH-85 V
SLX-7239.D701_D504.C2FUJACXX.s_8	SLX-7239.D701_D504.C2FUJACXX.8	C2FUJACXX	Veh	TH-85	TH-85 V
SLX-7239.D701_D506.C2FTBACXX.s_1	SLX-7239.D701_D506.C2FTBACXX.1	C2FTBACXX	E2	TH-85	TH-85 E
SLX-7239.D701_D506.C2FTBACXX.s_2	SLX-7239.D701_D506.C2FTBACXX.2	C2FTBACXX	E2	TH-85	TH-85 E
SLX-7239.D701_D506.C2FTBACXX.s_3	SLX-7239.D701_D506.C2FTBACXX.3	C2FTBACXX	E2	TH-85	TH-85 E
SLX-7239.D701_D506.C2FTBACXX.s_4	SLX-7239.D701_D506.C2FTBACXX.4	C2FTBACXX	E2	TH-85	TH-85 E
SLX-7239.D701_D506.C2FUJACXX.s_5	SLX-7239.D701_D506.C2FUJACXX.5	C2FUJACXX	E2	TH-85	TH-85 E
SLX-7239.D701_D506.C2FUJACXX.s_6	SLX-7239.D701_D506.C2FUJACXX.6	C2FUJACXX	E2	TH-85	TH-85 E
SLX-7239.D701_D506.C2FUJACXX.s_7	SLX-7239.D701_D506.C2FUJACXX.7	C2FUJACXX	E2	TH-85	TH-85 E
SLX-7239.D701_D506.C2FUJACXX.s_8	SLX-7239.D701_D506.C2FUJACXX.8	C2FUJACXX	E2	TH-85	TH-85 E
SLX-7239.D701_D507.C2FTBACXX.s_1	SLX-7239.D701_D507.C2FTBACXX.1	C2FTBACXX	E2+DHT	TH-89	TH-89 ED
SLX-7239.D701_D507.C2FTBACXX.s_2	SLX-7239.D701_D507.C2FTBACXX.2	C2FTBACXX	E2+DHT	TH-89	TH-89 ED
SLX-7239.D701_D507.C2FTBACXX.s_3	SLX-7239.D701_D507.C2FTBACXX.3	C2FTBACXX	E2+DHT	TH-89	TH-89 ED
SLX-7239.D701_D507.C2FTBACXX.s_4	SLX-7239.D701_D507.C2FTBACXX.4	C2FTBACXX	E2+DHT	TH-89	TH-89 ED
SLX-7239.D701_D507.C2FUJACXX.s_5	SLX-7239.D701_D507.C2FUJACXX.5	C2FUJACXX	E2+DHT	TH-89	TH-89 ED
SLX-7239.D701_D507.C2FUJACXX.s_6	SLX-7239.D701_D507.C2FUJACXX.6	C2FUJACXX	E2+DHT	TH-89	TH-89 ED
SLX-7239.D701_D507.C2FUJACXX.s_7	SLX-7239.D701_D507.C2FUJACXX.7	C2FUJACXX	E2+DHT	TH-89	TH-89 ED
SLX-7239.D701_D507.C2FUJACXX.s_8	SLX-7239.D701_D507.C2FUJACXX.8	C2FUJACXX	E2+DHT	TH-89	TH-89 ED
SLX-7239.D702_D503.C2FTBACXX.s_1	SLX-7239.D702_D503.C2FTBACXX.1	C2FTBACXX	DHT	TH-83	TH-83 D
SLX-7239.D702_D503.C2FTBACXX.s_2	SLX-7239.D702_D503.C2FTBACXX.2	C2FTBACXX	DHT	TH-83	TH-83 D
SLX-7239.D702_D503.C2FTBACXX.s_3	SLX-7239.D702_D503.C2FTBACXX.3	C2FTBACXX	DHT	TH-83	TH-83 D
SLX-7239.D702_D503.C2FTBACXX.s_4	SLX-7239.D702_D503.C2FTBACXX.4	C2FTBACXX	DHT	TH-83	TH-83 D
SLX-7239.D702_D503.C2FUJACXX.s_5	SLX-7239.D702_D503.C2FUJACXX.5	C2FUJACXX	DHT	TH-83	TH-83 D
SLX-7239.D702_D503.C2FUJACXX.s_6	SLX-7239.D702_D503.C2FUJACXX.6	C2FUJACXX	DHT	TH-83	TH-83 D
SLX-7239.D702_D503.C2FUJACXX.s_7	SLX-7239.D702_D503.C2FUJACXX.7	C2FUJACXX	DHT	TH-83	TH-83 D
SLX-7239.D702_D503.C2FUJACXX.s_8	SLX-7239.D702_D503.C2FUJACXX.8	C2FUJACXX	DHT	TH-83	TH-83 D
SLX-7239.D702_D504.C2FTBACXX.s_1	SLX-7239.D702_D504.C2FTBACXX.1	C2FTBACXX	Veh	TH-102	TH-102 V
SLX-7239.D702_D504.C2FTBACXX.s_2	SLX-7239.D702_D504.C2FTBACXX.2	C2FTBACXX	Veh	TH-102	TH-102 V
SLX-7239.D702_D504.C2FTBACXX.s_3	SLX-7239.D702_D504.C2FTBACXX.3	C2FTBACXX	Veh	TH-102	TH-102 V
SLX-7239.D702_D504.C2FTBACXX.s_4	SLX-7239.D702_D504.C2FTBACXX.4	C2FTBACXX	Veh	TH-102	TH-102 V
SLX-7239.D702_D504.C2FUJACXX.s_5	SLX-7239.D702_D504.C2FUJACXX.5	C2FUJACXX	Veh	TH-102	TH-102 V
SLX-7239.D702_D504.C2FUJACXX.s_6	SLX-7239.D702_D504.C2FUJACXX.6	C2FUJACXX	Veh	TH-102	TH-102 V
SLX-7239.D702_D504.C2FUJACXX.s_7	SLX-7239.D702_D504.C2FUJACXX.7	C2FUJACXX	Veh	TH-102	TH-102 V
SLX-7239.D702_D504.C2FUJACXX.s_8	SLX-7239.D702_D504.C2FUJACXX.8	C2FUJACXX	Veh	TH-102	TH-102 V
SLX-7239.D702_D505.C2FTBACXX.s_1	SLX-7239.D702_D505.C2FTBACXX.1	C2FTBACXX	Veh	TH-87	TH-87 V
SLX-7239.D702_D505.C2FTBACXX.s_2	SLX-7239.D702_D505.C2FTBACXX.2	C2FTBACXX	Veh	TH-87	TH-87 V
SLX-7239.D702_D505.C2FTBACXX.s_3	SLX-7239.D702_D505.C2FTBACXX.3	C2FTBACXX	Veh	TH-87	TH-87 V
SLX-7239.D702_D505.C2FTBACXX.s_4	SLX-7239.D702_D505.C2FTBACXX.4	C2FTBACXX	Veh	TH-87	TH-87 V
SLX-7239.D702_D505.C2FUJACXX.s_5	SLX-7239.D702_D505.C2FUJACXX.5	C2FUJACXX	Veh	TH-87	TH-87 V
SLX-7239.D702_D505.C2FUJACXX.s_6	SLX-7239.D702_D505.C2FUJACXX.6	C2FUJACXX	Veh	TH-87	TH-87 V
SLX-7239.D702_D505.C2FUJACXX.s_7	SLX-7239.D702_D505.C2FUJACXX.7	C2FUJACXX	Veh	TH-87	TH-87 V
SLX-7239.D702_D505.C2FUJACXX.s_8	SLX-7239.D702_D505.C2FUJACXX.8	C2FUJACXX	Veh	TH-87	TH-87 V
SLX-7239.D702_D506.C2FTBACXX.s_1	SLX-7239.D702_D506.C2FTBACXX.1	C2FTBACXX	Veh	TH-106	TH-106 V
SLX-7239.D702_D506.C2FTBACXX.s_2	SLX-7239.D702_D506.C2FTBACXX.2	C2FTBACXX	Veh	TH-106	TH-106 V
SLX-7239.D702_D506.C2FTBACXX.s_3	SLX-7239.D702_D506.C2FTBACXX.3	C2FTBACXX	Veh	TH-106	TH-106 V
SLX-7239.D702_D506.C2FTBACXX.s_4	SLX-7239.D702_D506.C2FTBACXX.4	C2FTBACXX	Veh	TH-106	TH-106 V
SLX-7239.D702_D506.C2FUJACXX.s_5	SLX-7239.D702_D506.C2FUJACXX.5	C2FUJACXX	Veh	TH-106	TH-106 V
SLX-7239.D702_D506.C2FUJACXX.s_6	SLX-7239.D702_D506.C2FUJACXX.6	C2FUJACXX	Veh	TH-106	TH-106 V
SLX-7239.D702_D506.C2FUJACXX.s_7	SLX-7239.D702_D506.C2FUJACXX.7	C2FUJACXX	Veh	TH-106	TH-106 V
SLX-7239.D702_D506.C2FUJACXX.s_8	SLX-7239.D702_D506.C2FUJACXX.8	C2FUJACXX	Veh	TH-106	TH-106 V
SLX-7239.D702_D507.C2FTBACXX.s_1	SLX-7239.D702_D507.C2FTBACXX.1	C2FTBACXX	Veh	TH-104	TH-104 V
SLX-7239.D702_D507.C2FTBACXX.s_2	SLX-7239.D702_D507.C2FTBACXX.2	C2FTBACXX	Veh	TH-104	TH-104 V
SLX-7239.D702_D507.C2FTBACXX.s_3	SLX-7239.D702_D507.C2FTBACXX.3	C2FTBACXX	Veh	TH-104	TH-104 V
SLX-7239.D702_D507.C2FTBACXX.s_4	SLX-7239.D702_D507.C2FTBACXX.4	C2FTBACXX	Veh	TH-104	TH-104 V
SLX-7239.D702_D507.C2FUJACXX.s_5	SLX-7239.D702_D507.C2FUJACXX.5	C2FUJACXX	Veh	TH-104	TH-104 V
SLX-7239.D702_D507.C2FUJACXX.s_6	SLX-7239.D702_D507.C2FUJACXX.6	C2FUJACXX	Veh	TH-104	TH-104 V
SLX-7239.D702_D507.C2FUJACXX.s_7	SLX-7239.D702_D507.C2FUJACXX.7	C2FUJACXX	Veh	TH-104	TH-104 V
SLX-7239.D702_D507.C2FUJACXX.s_8	SLX-7239.D702_D507.C2FUJACXX.8	C2FUJACXX	Veh	TH-104	TH-104 V
SLX-7239.D703_D501.C2FTBACXX.s_1	SLX-7239.D703_D501.C2FTBACXX.1	C2FTBACXX	Veh	TH-101	TH-101 V*
SLX-7239.D703_D501.C2FTBACXX.s_2	SLX-7239.D703_D501.C2FTBACXX.2	C2FTBACXX	Veh	TH-101	TH-101 V*
SLX-7239.D703_D501.C2FTBACXX.s_3	SLX-7239.D703_D501.C2FTBACXX.3	C2FTBACXX	Veh	TH-101	TH-101 V*
SLX-7239.D703_D501.C2FTBACXX.s_4	SLX-7239.D703_D501.C2FTBACXX.4	C2FTBACXX	Veh	TH-101	TH-101 V*
SLX-7239.D703_D501.C2FUJACXX.s_5	SLX-7239.D703_D501.C2FUJACXX.5	C2FUJACXX	Veh	TH-101	TH-101 V*
SLX-7239.D703_D501.C2FUJACXX.s_6	SLX-7239.D703_D501.C2FUJACXX.6	C2FUJACXX	Veh	TH-101	TH-101 V*
SLX-7239.D703_D501.C2FUJACXX.s_7	SLX-7239.D703_D501.C2FUJACXX.7	C2FUJACXX	Veh	TH-101	TH-101 V*
SLX-7239.D703_D501.C2FUJACXX.s_8	SLX-7239.D703_D501.C2FUJACXX.8	C2FUJACXX	Veh	TH-101	TH-101 V*
SLX-7239.D703_D502.C2FTBACXX.s_1	SLX-7239.D703_D502.C2FTBACXX.1	C2FTBACXX	E2	TH-103	TH-103 E
SLX-7239.D703_D502.C2FTBACXX.s_2	SLX-7239.D703_D502.C2FTBACXX.2	C2FTBACXX	E2	TH-103	TH-103 E
SLX-7239.D703_D502.C2FTBACXX.s_3	SLX-7239.D703_D502.C2FTBACXX.3	C2FTBACXX	E2	TH-103	TH-103 E
SLX-7239.D703_D502.C2FTBACXX.s_4	SLX-7239.D703_D502.C2FTBACXX.4	C2FTBACXX	E2	TH-103	TH-103 E
SLX-7239.D703_D502.C2FUJACXX.s_5	SLX-7239.D703_D502.C2FUJACXX.5	C2FUJACXX	E2	TH-103	TH-103 E
SLX-7239.D703_D502.C2FUJACXX.s_6	SLX-7239.D703_D502.C2FUJACXX.6	C2FUJACXX	E2	TH-103	TH-103 E
SLX-7239.D703_D502.C2FUJACXX.s_7	SLX-7239.D703_D502.C2FUJACXX.7	C2FUJACXX	E2	TH-103	TH-103 E
SLX-7239.D703_D502.C2FUJACXX.s_8	SLX-7239.D703_D502.C2FUJACXX.8	C2FUJACXX	E2	TH-103	TH-103 E
SLX-7239.D703_D503.C2FTBACXX.s_1	SLX-7239.D703_D503.C2FTBACXX.1	C2FTBACXX	DHT	TH-107	TH-107 D
SLX-7239.D703_D503.C2FTBACXX.s_2	SLX-7239.D703_D503.C2FTBACXX.2	C2FTBACXX	DHT	TH-107	TH-107 D
SLX-7239.D703_D503.C2FTBACXX.s_3	SLX-7239.D703_D503.C2FTBACXX.3	C2FTBACXX	DHT	TH-107	TH-107 D
SLX-7239.D703_D503.C2FTBACXX.s_4	SLX-7239.D703_D503.C2FTBACXX.4	C2FTBACXX	DHT	TH-107	TH-107 D
SLX-7239.D703_D503.C2FUJACXX.s_5	SLX-7239.D703_D503.C2FUJACXX.5	C2FUJACXX	DHT	TH-107	TH-107 D
SLX-7239.D703_D503.C2FUJACXX.s_6	SLX-7239.D703_D503.C2FUJACXX.6	C2FUJACXX	DHT	TH-107	TH-107 D
SLX-7239.D703_D503.C2FUJACXX.s_7	SLX-7239.D703_D503.C2FUJACXX.7	C2FUJACXX	DHT	TH-107	TH-107 D
SLX-7239.D703_D503.C2FUJACXX.s_8	SLX-7239.D703_D503.C2FUJACXX.8	C2FUJACXX	DHT	TH-107	TH-107 D
SLX-7239.D703_D504.C2FTBACXX.s_1	SLX-7239.D703_D504.C2FTBACXX.1	C2FTBACXX	Veh	TH-83	TH-83 V
SLX-7239.D703_D504.C2FTBACXX.s_2	SLX-7239.D703_D504.C2FTBACXX.2	C2FTBACXX	Veh	TH-83	TH-83 V
SLX-7239.D703_D504.C2FTBACXX.s_3	SLX-7239.D703_D504.C2FTBACXX.3	C2FTBACXX	Veh	TH-83	TH-83 V
SLX-7239.D703_D504.C2FTBACXX.s_4	SLX-7239.D703_D504.C2FTBACXX.4	C2FTBACXX	Veh	TH-83	TH-83 V
SLX-7239.D703_D504.C2FUJACXX.s_5	SLX-7239.D703_D504.C2FUJACXX.5	C2FUJACXX	Veh	TH-83	TH-83 V
SLX-7239.D703_D504.C2FUJACXX.s_6	SLX-7239.D703_D504.C2FUJACXX.6	C2FUJACXX	Veh	TH-83	TH-83 V
SLX-7239.D703_D504.C2FUJACXX.s_7	SLX-7239.D703_D504.C2FUJACXX.7	C2FUJACXX	Veh	TH-83	TH-83 V
SLX-7239.D703_D504.C2FUJACXX.s_8	SLX-7239.D703_D504.C2FUJACXX.8	C2FUJACXX	Veh	TH-83	TH-83 V
SLX-7239.D703_D505.C2FTBACXX.s_1	SLX-7239.D703_D505.C2FTBACXX.1	C2FTBACXX	E2+DHT	TH-101	TH-101 ED
SLX-7239.D703_D505.C2FTBACXX.s_2	SLX-7239.D703_D505.C2FTBACXX.2	C2FTBACXX	E2+DHT	TH-101	TH-101 ED
SLX-7239.D703_D505.C2FTBACXX.s_3	SLX-7239.D703_D505.C2FTBACXX.3	C2FTBACXX	E2+DHT	TH-101	TH-101 ED
SLX-7239.D703_D505.C2FTBACXX.s_4	SLX-7239.D703_D505.C2FTBACXX.4	C2FTBACXX	E2+DHT	TH-101	TH-101 ED
SLX-7239.D703_D505.C2FUJACXX.s_5	SLX-7239.D703_D505.C2FUJACXX.5	C2FUJACXX	E2+DHT	TH-101	TH-101 ED
SLX-7239.D703_D505.C2FUJACXX.s_6	SLX-7239.D703_D505.C2FUJACXX.6	C2FUJACXX	E2+DHT	TH-101	TH-101 ED
SLX-7239.D703_D505.C2FUJACXX.s_7	SLX-7239.D703_D505.C2FUJACXX.7	C2FUJACXX	E2+DHT	TH-101	TH-101 ED
SLX-7239.D703_D505.C2FUJACXX.s_8	SLX-7239.D703_D505.C2FUJACXX.8	C2FUJACXX	E2+DHT	TH-101	TH-101 ED
SLX-7239.D703_D506.C2FTBACXX.s_1	SLX-7239.D703_D506.C2FTBACXX.1	C2FTBACXX	DHT	TH-89	TH-89 D
SLX-7239.D703_D506.C2FTBACXX.s_2	SLX-7239.D703_D506.C2FTBACXX.2	C2FTBACXX	DHT	TH-89	TH-89 D
SLX-7239.D703_D506.C2FTBACXX.s_3	SLX-7239.D703_D506.C2FTBACXX.3	C2FTBACXX	DHT	TH-89	TH-89 D
SLX-7239.D703_D506.C2FTBACXX.s_4	SLX-7239.D703_D506.C2FTBACXX.4	C2FTBACXX	DHT	TH-89	TH-89 D
SLX-7239.D703_D506.C2FUJACXX.s_5	SLX-7239.D703_D506.C2FUJACXX.5	C2FUJACXX	DHT	TH-89	TH-89 D
SLX-7239.D703_D506.C2FUJACXX.s_6	SLX-7239.D703_D506.C2FUJACXX.6	C2FUJACXX	DHT	TH-89	TH-89 D
SLX-7239.D703_D506.C2FUJACXX.s_7	SLX-7239.D703_D506.C2FUJACXX.7	C2FUJACXX	DHT	TH-89	TH-89 D
SLX-7239.D703_D506.C2FUJACXX.s_8	SLX-7239.D703_D506.C2FUJACXX.8	C2FUJACXX	DHT	TH-89	TH-89 D
SLX-7239.D703_D508.C2FTBACXX.s_1	SLX-7239.D703_D508.C2FTBACXX.1	C2FTBACXX	DHT	TH-103	TH-103 D
SLX-7239.D703_D508.C2FTBACXX.s_2	SLX-7239.D703_D508.C2FTBACXX.2	C2FTBACXX	DHT	TH-103	TH-103 D
SLX-7239.D703_D508.C2FTBACXX.s_3	SLX-7239.D703_D508.C2FTBACXX.3	C2FTBACXX	DHT	TH-103	TH-103 D
SLX-7239.D703_D508.C2FTBACXX.s_4	SLX-7239.D703_D508.C2FTBACXX.4	C2FTBACXX	DHT	TH-103	TH-103 D
SLX-7239.D703_D508.C2FUJACXX.s_5	SLX-7239.D703_D508.C2FUJACXX.5	C2FUJACXX	DHT	TH-103	TH-103 D
SLX-7239.D703_D508.C2FUJACXX.s_6	SLX-7239.D703_D508.C2FUJACXX.6	C2FUJACXX	DHT	TH-103	TH-103 D
SLX-7239.D703_D508.C2FUJACXX.s_7	SLX-7239.D703_D508.C2FUJACXX.7	C2FUJACXX	DHT	TH-103	TH-103 D
SLX-7239.D703_D508.C2FUJACXX.s_8	SLX-7239.D703_D508.C2FUJACXX.8	C2FUJACXX	DHT	TH-103	TH-103 D
SLX-7239.D704_D501.C2FTBACXX.s_1	SLX-7239.D704_D501.C2FTBACXX.1	C2FTBACXX	E2	TH-105	TH-105 E
SLX-7239.D704_D501.C2FTBACXX.s_2	SLX-7239.D704_D501.C2FTBACXX.2	C2FTBACXX	E2	TH-105	TH-105 E
SLX-7239.D704_D501.C2FTBACXX.s_3	SLX-7239.D704_D501.C2FTBACXX.3	C2FTBACXX	E2	TH-105	TH-105 E
SLX-7239.D704_D501.C2FTBACXX.s_4	SLX-7239.D704_D501.C2FTBACXX.4	C2FTBACXX	E2	TH-105	TH-105 E
SLX-7239.D704_D501.C2FUJACXX.s_5	SLX-7239.D704_D501.C2FUJACXX.5	C2FUJACXX	E2	TH-105	TH-105 E
SLX-7239.D704_D501.C2FUJACXX.s_6	SLX-7239.D704_D501.C2FUJACXX.6	C2FUJACXX	E2	TH-105	TH-105 E
SLX-7239.D704_D501.C2FUJACXX.s_7	SLX-7239.D704_D501.C2FUJACXX.7	C2FUJACXX	E2	TH-105	TH-105 E
SLX-7239.D704_D501.C2FUJACXX.s_8	SLX-7239.D704_D501.C2FUJACXX.8	C2FUJACXX	E2	TH-105	TH-105 E
SLX-7239.D704_D502.C2FTBACXX.s_1	SLX-7239.D704_D502.C2FTBACXX.1	C2FTBACXX	E2+DHT	TH-105	TH-105 ED
SLX-7239.D704_D502.C2FTBACXX.s_2	SLX-7239.D704_D502.C2FTBACXX.2	C2FTBACXX	E2+DHT	TH-105	TH-105 ED
SLX-7239.D704_D502.C2FTBACXX.s_3	SLX-7239.D704_D502.C2FTBACXX.3	C2FTBACXX	E2+DHT	TH-105	TH-105 ED
SLX-7239.D704_D502.C2FTBACXX.s_4	SLX-7239.D704_D502.C2FTBACXX.4	C2FTBACXX	E2+DHT	TH-105	TH-105 ED
SLX-7239.D704_D502.C2FUJACXX.s_5	SLX-7239.D704_D502.C2FUJACXX.5	C2FUJACXX	E2+DHT	TH-105	TH-105 ED
SLX-7239.D704_D502.C2FUJACXX.s_6	SLX-7239.D704_D502.C2FUJACXX.6	C2FUJACXX	E2+DHT	TH-105	TH-105 ED
SLX-7239.D704_D502.C2FUJACXX.s_7	SLX-7239.D704_D502.C2FUJACXX.7	C2FUJACXX	E2+DHT	TH-105	TH-105 ED
SLX-7239.D704_D502.C2FUJACXX.s_8	SLX-7239.D704_D502.C2FUJACXX.8	C2FUJACXX	E2+DHT	TH-105	TH-105 ED
SLX-7239.D704_D503.C2FTBACXX.s_1	SLX-7239.D704_D503.C2FTBACXX.1	C2FTBACXX	DHT	TH-81	TH-81 D
SLX-7239.D704_D503.C2FTBACXX.s_2	SLX-7239.D704_D503.C2FTBACXX.2	C2FTBACXX	DHT	TH-81	TH-81 D
SLX-7239.D704_D503.C2FTBACXX.s_3	SLX-7239.D704_D503.C2FTBACXX.3	C2FTBACXX	DHT	TH-81	TH-81 D
SLX-7239.D704_D503.C2FTBACXX.s_4	SLX-7239.D704_D503.C2FTBACXX.4	C2FTBACXX	DHT	TH-81	TH-81 D
SLX-7239.D704_D503.C2FUJACXX.s_5	SLX-7239.D704_D503.C2FUJACXX.5	C2FUJACXX	DHT	TH-81	TH-81 D
SLX-7239.D704_D503.C2FUJACXX.s_6	SLX-7239.D704_D503.C2FUJACXX.6	C2FUJACXX	DHT	TH-81	TH-81 D
SLX-7239.D704_D503.C2FUJACXX.s_7	SLX-7239.D704_D503.C2FUJACXX.7	C2FUJACXX	DHT	TH-81	TH-81 D
SLX-7239.D704_D503.C2FUJACXX.s_8	SLX-7239.D704_D503.C2FUJACXX.8	C2FUJACXX	DHT	TH-81	TH-81 D
SLX-7239.D704_D504.C2FTBACXX.s_1	SLX-7239.D704_D504.C2FTBACXX.1	C2FTBACXX	DHT	TH-101	TH-101 D
SLX-7239.D704_D504.C2FTBACXX.s_2	SLX-7239.D704_D504.C2FTBACXX.2	C2FTBACXX	DHT	TH-101	TH-101 D
SLX-7239.D704_D504.C2FTBACXX.s_3	SLX-7239.D704_D504.C2FTBACXX.3	C2FTBACXX	DHT	TH-101	TH-101 D
SLX-7239.D704_D504.C2FTBACXX.s_4	SLX-7239.D704_D504.C2FTBACXX.4	C2FTBACXX	DHT	TH-101	TH-101 D
SLX-7239.D704_D504.C2FUJACXX.s_5	SLX-7239.D704_D504.C2FUJACXX.5	C2FUJACXX	DHT	TH-101	TH-101 D
SLX-7239.D704_D504.C2FUJACXX.s_6	SLX-7239.D704_D504.C2FUJACXX.6	C2FUJACXX	DHT	TH-101	TH-101 D
SLX-7239.D704_D504.C2FUJACXX.s_7	SLX-7239.D704_D504.C2FUJACXX.7	C2FUJACXX	DHT	TH-101	TH-101 D
SLX-7239.D704_D504.C2FUJACXX.s_8	SLX-7239.D704_D504.C2FUJACXX.8	C2FUJACXX	DHT	TH-101	TH-101 D
SLX-7239.D704_D505.C2FTBACXX.s_1	SLX-7239.D704_D505.C2FTBACXX.1	C2FTBACXX	E2	TH-82	TH-82 E
SLX-7239.D704_D505.C2FTBACXX.s_2	SLX-7239.D704_D505.C2FTBACXX.2	C2FTBACXX	E2	TH-82	TH-82 E
SLX-7239.D704_D505.C2FTBACXX.s_3	SLX-7239.D704_D505.C2FTBACXX.3	C2FTBACXX	E2	TH-82	TH-82 E
SLX-7239.D704_D505.C2FTBACXX.s_4	SLX-7239.D704_D505.C2FTBACXX.4	C2FTBACXX	E2	TH-82	TH-82 E
SLX-7239.D704_D505.C2FUJACXX.s_5	SLX-7239.D704_D505.C2FUJACXX.5	C2FUJACXX	E2	TH-82	TH-82 E
SLX-7239.D704_D505.C2FUJACXX.s_6	SLX-7239.D704_D505.C2FUJACXX.6	C2FUJACXX	E2	TH-82	TH-82 E
SLX-7239.D704_D505.C2FUJACXX.s_7	SLX-7239.D704_D505.C2FUJACXX.7	C2FUJACXX	E2	TH-82	TH-82 E
SLX-7239.D704_D505.C2FUJACXX.s_8	SLX-7239.D704_D505.C2FUJACXX.8	C2FUJACXX	E2	TH-82	TH-82 E
SLX-7239.D704_D506.C2FTBACXX.s_1	SLX-7239.D704_D506.C2FTBACXX.1	C2FTBACXX	Veh	TH-82	TH-82 V
SLX-7239.D704_D506.C2FTBACXX.s_2	SLX-7239.D704_D506.C2FTBACXX.2	C2FTBACXX	Veh	TH-82	TH-82 V
SLX-7239.D704_D506.C2FTBACXX.s_3	SLX-7239.D704_D506.C2FTBACXX.3	C2FTBACXX	Veh	TH-82	TH-82 V
SLX-7239.D704_D506.C2FTBACXX.s_4	SLX-7239.D704_D506.C2FTBACXX.4	C2FTBACXX	Veh	TH-82	TH-82 V
SLX-7239.D704_D506.C2FUJACXX.s_5	SLX-7239.D704_D506.C2FUJACXX.5	C2FUJACXX	Veh	TH-82	TH-82 V
SLX-7239.D704_D506.C2FUJACXX.s_6	SLX-7239.D704_D506.C2FUJACXX.6	C2FUJACXX	Veh	TH-82	TH-82 V
SLX-7239.D704_D506.C2FUJACXX.s_7	SLX-7239.D704_D506.C2FUJACXX.7	C2FUJACXX	Veh	TH-82	TH-82 V
SLX-7239.D704_D506.C2FUJACXX.s_8	SLX-7239.D704_D506.C2FUJACXX.8	C2FUJACXX	Veh	TH-82	TH-82 V
SLX-7239.D704_D507.C2FTBACXX.s_1	SLX-7239.D704_D507.C2FTBACXX.1	C2FTBACXX	E2	TH-108	TH-108 E
SLX-7239.D704_D507.C2FTBACXX.s_2	SLX-7239.D704_D507.C2FTBACXX.2	C2FTBACXX	E2	TH-108	TH-108 E
SLX-7239.D704_D507.C2FTBACXX.s_3	SLX-7239.D704_D507.C2FTBACXX.3	C2FTBACXX	E2	TH-108	TH-108 E
SLX-7239.D704_D507.C2FTBACXX.s_4	SLX-7239.D704_D507.C2FTBACXX.4	C2FTBACXX	E2	TH-108	TH-108 E
SLX-7239.D704_D507.C2FUJACXX.s_5	SLX-7239.D704_D507.C2FUJACXX.5	C2FUJACXX	E2	TH-108	TH-108 E
SLX-7239.D704_D507.C2FUJACXX.s_6	SLX-7239.D704_D507.C2FUJACXX.6	C2FUJACXX	E2	TH-108	TH-108 E
SLX-7239.D704_D507.C2FUJACXX.s_7	SLX-7239.D704_D507.C2FUJACXX.7	C2FUJACXX	E2	TH-108	TH-108 E
SLX-7239.D704_D507.C2FUJACXX.s_8	SLX-7239.D704_D507.C2FUJACXX.8	C2FUJACXX	E2	TH-108	TH-108 E
SLX-7239.D705_D501.C2FTBACXX.s_1	SLX-7239.D705_D501.C2FTBACXX.1	C2FTBACXX	E2+DHT	TH-85	TH-85 ED
SLX-7239.D705_D501.C2FTBACXX.s_2	SLX-7239.D705_D501.C2FTBACXX.2	C2FTBACXX	E2+DHT	TH-85	TH-85 ED
SLX-7239.D705_D501.C2FTBACXX.s_3	SLX-7239.D705_D501.C2FTBACXX.3	C2FTBACXX	E2+DHT	TH-85	TH-85 ED
SLX-7239.D705_D501.C2FTBACXX.s_4	SLX-7239.D705_D501.C2FTBACXX.4	C2FTBACXX	E2+DHT	TH-85	TH-85 ED
SLX-7239.D705_D501.C2FUJACXX.s_5	SLX-7239.D705_D501.C2FUJACXX.5	C2FUJACXX	E2+DHT	TH-85	TH-85 ED
SLX-7239.D705_D501.C2FUJACXX.s_6	SLX-7239.D705_D501.C2FUJACXX.6	C2FUJACXX	E2+DHT	TH-85	TH-85 ED
SLX-7239.D705_D501.C2FUJACXX.s_7	SLX-7239.D705_D501.C2FUJACXX.7	C2FUJACXX	E2+DHT	TH-85	TH-85 ED
SLX-7239.D705_D501.C2FUJACXX.s_8	SLX-7239.D705_D501.C2FUJACXX.8	C2FUJACXX	E2+DHT	TH-85	TH-85 ED
SLX-7239.D705_D503.C2FTBACXX.s_1	SLX-7239.D705_D503.C2FTBACXX.1	C2FTBACXX	E2	TH-102	TH-102 E
SLX-7239.D705_D503.C2FTBACXX.s_2	SLX-7239.D705_D503.C2FTBACXX.2	C2FTBACXX	E2	TH-102	TH-102 E
SLX-7239.D705_D503.C2FTBACXX.s_3	SLX-7239.D705_D503.C2FTBACXX.3	C2FTBACXX	E2	TH-102	TH-102 E
SLX-7239.D705_D503.C2FTBACXX.s_4	SLX-7239.D705_D503.C2FTBACXX.4	C2FTBACXX	E2	TH-102	TH-102 E
SLX-7239.D705_D503.C2FUJACXX.s_5	SLX-7239.D705_D503.C2FUJACXX.5	C2FUJACXX	E2	TH-102	TH-102 E
SLX-7239.D705_D503.C2FUJACXX.s_6	SLX-7239.D705_D503.C2FUJACXX.6	C2FUJACXX	E2	TH-102	TH-102 E
SLX-7239.D705_D503.C2FUJACXX.s_7	SLX-7239.D705_D503.C2FUJACXX.7	C2FUJACXX	E2	TH-102	TH-102 E
SLX-7239.D705_D503.C2FUJACXX.s_8	SLX-7239.D705_D503.C2FUJACXX.8	C2FUJACXX	E2	TH-102	TH-102 E
SLX-7239.D705_D504.C2FTBACXX.s_1	SLX-7239.D705_D504.C2FTBACXX.1	C2FTBACXX	E2	TH-84	TH-84 E
SLX-7239.D705_D504.C2FTBACXX.s_2	SLX-7239.D705_D504.C2FTBACXX.2	C2FTBACXX	E2	TH-84	TH-84 E
SLX-7239.D705_D504.C2FTBACXX.s_3	SLX-7239.D705_D504.C2FTBACXX.3	C2FTBACXX	E2	TH-84	TH-84 E
SLX-7239.D705_D504.C2FTBACXX.s_4	SLX-7239.D705_D504.C2FTBACXX.4	C2FTBACXX	E2	TH-84	TH-84 E
SLX-7239.D705_D504.C2FUJACXX.s_5	SLX-7239.D705_D504.C2FUJACXX.5	C2FUJACXX	E2	TH-84	TH-84 E
SLX-7239.D705_D504.C2FUJACXX.s_6	SLX-7239.D705_D504.C2FUJACXX.6	C2FUJACXX	E2	TH-84	TH-84 E
SLX-7239.D705_D504.C2FUJACXX.s_7	SLX-7239.D705_D504.C2FUJACXX.7	C2FUJACXX	E2	TH-84	TH-84 E
SLX-7239.D705_D504.C2FUJACXX.s_8	SLX-7239.D705_D504.C2FUJACXX.8	C2FUJACXX	E2	TH-84	TH-84 E
SLX-7239.D705_D505.C2FTBACXX.s_1	SLX-7239.D705_D505.C2FTBACXX.1	C2FTBACXX	E2+DHT	TH-87	TH-87 ED
SLX-7239.D705_D505.C2FTBACXX.s_2	SLX-7239.D705_D505.C2FTBACXX.2	C2FTBACXX	E2+DHT	TH-87	TH-87 ED
SLX-7239.D705_D505.C2FTBACXX.s_3	SLX-7239.D705_D505.C2FTBACXX.3	C2FTBACXX	E2+DHT	TH-87	TH-87 ED
SLX-7239.D705_D505.C2FTBACXX.s_4	SLX-7239.D705_D505.C2FTBACXX.4	C2FTBACXX	E2+DHT	TH-87	TH-87 ED
SLX-7239.D705_D505.C2FUJACXX.s_5	SLX-7239.D705_D505.C2FUJACXX.5	C2FUJACXX	E2+DHT	TH-87	TH-87 ED
SLX-7239.D705_D505.C2FUJACXX.s_6	SLX-7239.D705_D505.C2FUJACXX.6	C2FUJACXX	E2+DHT	TH-87	TH-87 ED
SLX-7239.D705_D505.C2FUJACXX.s_7	SLX-7239.D705_D505.C2FUJACXX.7	C2FUJACXX	E2+DHT	TH-87	TH-87 ED
SLX-7239.D705_D505.C2FUJACXX.s_8	SLX-7239.D705_D505.C2FUJACXX.8	C2FUJACXX	E2+DHT	TH-87	TH-87 ED
SLX-7239.D705_D506.C2FTBACXX.s_1	SLX-7239.D705_D506.C2FTBACXX.1	C2FTBACXX	DHT	TH-108	TH-108 D
SLX-7239.D705_D506.C2FTBACXX.s_2	SLX-7239.D705_D506.C2FTBACXX.2	C2FTBACXX	DHT	TH-108	TH-108 D
SLX-7239.D705_D506.C2FTBACXX.s_3	SLX-7239.D705_D506.C2FTBACXX.3	C2FTBACXX	DHT	TH-108	TH-108 D
SLX-7239.D705_D506.C2FTBACXX.s_4	SLX-7239.D705_D506.C2FTBACXX.4	C2FTBACXX	DHT	TH-108	TH-108 D
SLX-7239.D705_D506.C2FUJACXX.s_5	SLX-7239.D705_D506.C2FUJACXX.5	C2FUJACXX	DHT	TH-108	TH-108 D
SLX-7239.D705_D506.C2FUJACXX.s_6	SLX-7239.D705_D506.C2FUJACXX.6	C2FUJACXX	DHT	TH-108	TH-108 D
SLX-7239.D705_D506.C2FUJACXX.s_7	SLX-7239.D705_D506.C2FUJACXX.7	C2FUJACXX	DHT	TH-108	TH-108 D
SLX-7239.D705_D506.C2FUJACXX.s_8	SLX-7239.D705_D506.C2FUJACXX.8	C2FUJACXX	DHT	TH-108	TH-108 D
SLX-7239.D705_D508.C2FTBACXX.s_1	SLX-7239.D705_D508.C2FTBACXX.1	C2FTBACXX	DHT	TH-86	TH-86 D
SLX-7239.D705_D508.C2FTBACXX.s_2	SLX-7239.D705_D508.C2FTBACXX.2	C2FTBACXX	DHT	TH-86	TH-86 D
SLX-7239.D705_D508.C2FTBACXX.s_3	SLX-7239.D705_D508.C2FTBACXX.3	C2FTBACXX	DHT	TH-86	TH-86 D
SLX-7239.D705_D508.C2FTBACXX.s_4	SLX-7239.D705_D508.C2FTBACXX.4	C2FTBACXX	DHT	TH-86	TH-86 D
SLX-7239.D705_D508.C2FUJACXX.s_5	SLX-7239.D705_D508.C2FUJACXX.5	C2FUJACXX	DHT	TH-86	TH-86 D
SLX-7239.D705_D508.C2FUJACXX.s_6	SLX-7239.D705_D508.C2FUJACXX.6	C2FUJACXX	DHT	TH-86	TH-86 D
SLX-7239.D705_D508.C2FUJACXX.s_7	SLX-7239.D705_D508.C2FUJACXX.7	C2FUJACXX	DHT	TH-86	TH-86 D
SLX-7239.D705_D508.C2FUJACXX.s_8	SLX-7239.D705_D508.C2FUJACXX.8	C2FUJACXX	DHT	TH-86	TH-86 D
SLX-7239.D706_D502.C2FTBACXX.s_1	SLX-7239.D706_D502.C2FTBACXX.1	C2FTBACXX	Veh	TH-86	TH-86 V
SLX-7239.D706_D502.C2FTBACXX.s_2	SLX-7239.D706_D502.C2FTBACXX.2	C2FTBACXX	Veh	TH-86	TH-86 V
SLX-7239.D706_D502.C2FTBACXX.s_3	SLX-7239.D706_D502.C2FTBACXX.3	C2FTBACXX	Veh	TH-86	TH-86 V
SLX-7239.D706_D502.C2FTBACXX.s_4	SLX-7239.D706_D502.C2FTBACXX.4	C2FTBACXX	Veh	TH-86	TH-86 V
SLX-7239.D706_D502.C2FUJACXX.s_5	SLX-7239.D706_D502.C2FUJACXX.5	C2FUJACXX	Veh	TH-86	TH-86 V
SLX-7239.D706_D502.C2FUJACXX.s_6	SLX-7239.D706_D502.C2FUJACXX.6	C2FUJACXX	Veh	TH-86	TH-86 V
SLX-7239.D706_D502.C2FUJACXX.s_7	SLX-7239.D706_D502.C2FUJACXX.7	C2FUJACXX	Veh	TH-86	TH-86 V
SLX-7239.D706_D502.C2FUJACXX.s_8	SLX-7239.D706_D502.C2FUJACXX.8	C2FUJACXX	Veh	TH-86	TH-86 V
SLX-7239.D706_D503.C2FTBACXX.s_1	SLX-7239.D706_D503.C2FTBACXX.1	C2FTBACXX	DHT	TH-106	TH-106 D
SLX-7239.D706_D503.C2FTBACXX.s_2	SLX-7239.D706_D503.C2FTBACXX.2	C2FTBACXX	DHT	TH-106	TH-106 D
SLX-7239.D706_D503.C2FTBACXX.s_3	SLX-7239.D706_D503.C2FTBACXX.3	C2FTBACXX	DHT	TH-106	TH-106 D
SLX-7239.D706_D503.C2FTBACXX.s_4	SLX-7239.D706_D503.C2FTBACXX.4	C2FTBACXX	DHT	TH-106	TH-106 D
SLX-7239.D706_D503.C2FUJACXX.s_5	SLX-7239.D706_D503.C2FUJACXX.5	C2FUJACXX	DHT	TH-106	TH-106 D
SLX-7239.D706_D503.C2FUJACXX.s_6	SLX-7239.D706_D503.C2FUJACXX.6	C2FUJACXX	DHT	TH-106	TH-106 D
SLX-7239.D706_D503.C2FUJACXX.s_7	SLX-7239.D706_D503.C2FUJACXX.7	C2FUJACXX	DHT	TH-106	TH-106 D
SLX-7239.D706_D503.C2FUJACXX.s_8	SLX-7239.D706_D503.C2FUJACXX.8	C2FUJACXX	DHT	TH-106	TH-106 D
SLX-7239.D706_D504.C2FTBACXX.s_1	SLX-7239.D706_D504.C2FTBACXX.1	C2FTBACXX	E2	TH-89	TH-89 E
SLX-7239.D706_D504.C2FTBACXX.s_2	SLX-7239.D706_D504.C2FTBACXX.2	C2FTBACXX	E2	TH-89	TH-89 E
SLX-7239.D706_D504.C2FTBACXX.s_3	SLX-7239.D706_D504.C2FTBACXX.3	C2FTBACXX	E2	TH-89	TH-89 E
SLX-7239.D706_D504.C2FTBACXX.s_4	SLX-7239.D706_D504.C2FTBACXX.4	C2FTBACXX	E2	TH-89	TH-89 E
SLX-7239.D706_D504.C2FUJACXX.s_5	SLX-7239.D706_D504.C2FUJACXX.5	C2FUJACXX	E2	TH-89	TH-89 E
SLX-7239.D706_D504.C2FUJACXX.s_6	SLX-7239.D706_D504.C2FUJACXX.6	C2FUJACXX	E2	TH-89	TH-89 E
SLX-7239.D706_D504.C2FUJACXX.s_7	SLX-7239.D706_D504.C2FUJACXX.7	C2FUJACXX	E2	TH-89	TH-89 E
SLX-7239.D706_D504.C2FUJACXX.s_8	SLX-7239.D706_D504.C2FUJACXX.8	C2FUJACXX	E2	TH-89	TH-89 E
SLX-7239.D706_D505.C2FTBACXX.s_1	SLX-7239.D706_D505.C2FTBACXX.1	C2FTBACXX	E2+DHT	TH-86	TH-86 ED
SLX-7239.D706_D505.C2FTBACXX.s_2	SLX-7239.D706_D505.C2FTBACXX.2	C2FTBACXX	E2+DHT	TH-86	TH-86 ED
SLX-7239.D706_D505.C2FTBACXX.s_3	SLX-7239.D706_D505.C2FTBACXX.3	C2FTBACXX	E2+DHT	TH-86	TH-86 ED
SLX-7239.D706_D505.C2FTBACXX.s_4	SLX-7239.D706_D505.C2FTBACXX.4	C2FTBACXX	E2+DHT	TH-86	TH-86 ED
SLX-7239.D706_D505.C2FUJACXX.s_5	SLX-7239.D706_D505.C2FUJACXX.5	C2FUJACXX	E2+DHT	TH-86	TH-86 ED
SLX-7239.D706_D505.C2FUJACXX.s_6	SLX-7239.D706_D505.C2FUJACXX.6	C2FUJACXX	E2+DHT	TH-86	TH-86 ED
SLX-7239.D706_D505.C2FUJACXX.s_7	SLX-7239.D706_D505.C2FUJACXX.7	C2FUJACXX	E2+DHT	TH-86	TH-86 ED
SLX-7239.D706_D505.C2FUJACXX.s_8	SLX-7239.D706_D505.C2FUJACXX.8	C2FUJACXX	E2+DHT	TH-86	TH-86 ED
SLX-7239.D706_D507.C2FTBACXX.s_1	SLX-7239.D706_D507.C2FTBACXX.1	C2FTBACXX	E2+DHT	TH-88	TH-88 ED
SLX-7239.D706_D507.C2FTBACXX.s_2	SLX-7239.D706_D507.C2FTBACXX.2	C2FTBACXX	E2+DHT	TH-88	TH-88 ED
SLX-7239.D706_D507.C2FTBACXX.s_3	SLX-7239.D706_D507.C2FTBACXX.3	C2FTBACXX	E2+DHT	TH-88	TH-88 ED
SLX-7239.D706_D507.C2FTBACXX.s_4	SLX-7239.D706_D507.C2FTBACXX.4	C2FTBACXX	E2+DHT	TH-88	TH-88 ED
SLX-7239.D706_D507.C2FUJACXX.s_5	SLX-7239.D706_D507.C2FUJACXX.5	C2FUJACXX	E2+DHT	TH-88	TH-88 ED
SLX-7239.D706_D507.C2FUJACXX.s_6	SLX-7239.D706_D507.C2FUJACXX.6	C2FUJACXX	E2+DHT	TH-88	TH-88 ED
SLX-7239.D706_D507.C2FUJACXX.s_7	SLX-7239.D706_D507.C2FUJACXX.7	C2FUJACXX	E2+DHT	TH-88	TH-88 ED
SLX-7239.D706_D507.C2FUJACXX.s_8	SLX-7239.D706_D507.C2FUJACXX.8	C2FUJACXX	E2+DHT	TH-88	TH-88 ED
SLX-7239.D707_D501.C2FTBACXX.s_1	SLX-7239.D707_D501.C2FTBACXX.1	C2FTBACXX	E2+DHT	TH-83	TH-83 ED
SLX-7239.D707_D501.C2FTBACXX.s_2	SLX-7239.D707_D501.C2FTBACXX.2	C2FTBACXX	E2+DHT	TH-83	TH-83 ED
SLX-7239.D707_D501.C2FTBACXX.s_3	SLX-7239.D707_D501.C2FTBACXX.3	C2FTBACXX	E2+DHT	TH-83	TH-83 ED
SLX-7239.D707_D501.C2FTBACXX.s_4	SLX-7239.D707_D501.C2FTBACXX.4	C2FTBACXX	E2+DHT	TH-83	TH-83 ED
SLX-7239.D707_D501.C2FUJACXX.s_5	SLX-7239.D707_D501.C2FUJACXX.5	C2FUJACXX	E2+DHT	TH-83	TH-83 ED
SLX-7239.D707_D501.C2FUJACXX.s_6	SLX-7239.D707_D501.C2FUJACXX.6	C2FUJACXX	E2+DHT	TH-83	TH-83 ED
SLX-7239.D707_D501.C2FUJACXX.s_7	SLX-7239.D707_D501.C2FUJACXX.7	C2FUJACXX	E2+DHT	TH-83	TH-83 ED
SLX-7239.D707_D501.C2FUJACXX.s_8	SLX-7239.D707_D501.C2FUJACXX.8	C2FUJACXX	E2+DHT	TH-83	TH-83 ED
SLX-7239.D707_D502.C2FTBACXX.s_1	SLX-7239.D707_D502.C2FTBACXX.1	C2FTBACXX	DHT	TH-102	TH-102 D
SLX-7239.D707_D502.C2FTBACXX.s_2	SLX-7239.D707_D502.C2FTBACXX.2	C2FTBACXX	DHT	TH-102	TH-102 D
SLX-7239.D707_D502.C2FTBACXX.s_3	SLX-7239.D707_D502.C2FTBACXX.3	C2FTBACXX	DHT	TH-102	TH-102 D
SLX-7239.D707_D502.C2FTBACXX.s_4	SLX-7239.D707_D502.C2FTBACXX.4	C2FTBACXX	DHT	TH-102	TH-102 D
SLX-7239.D707_D502.C2FUJACXX.s_5	SLX-7239.D707_D502.C2FUJACXX.5	C2FUJACXX	DHT	TH-102	TH-102 D
SLX-7239.D707_D502.C2FUJACXX.s_6	SLX-7239.D707_D502.C2FUJACXX.6	C2FUJACXX	DHT	TH-102	TH-102 D
SLX-7239.D707_D502.C2FUJACXX.s_7	SLX-7239.D707_D502.C2FUJACXX.7	C2FUJACXX	DHT	TH-102	TH-102 D
SLX-7239.D707_D502.C2FUJACXX.s_8	SLX-7239.D707_D502.C2FUJACXX.8	C2FUJACXX	DHT	TH-102	TH-102 D
SLX-7239.D707_D503.C2FTBACXX.s_1	SLX-7239.D707_D503.C2FTBACXX.1	C2FTBACXX	E2+DHT	TH-108	TH-108 ED
SLX-7239.D707_D503.C2FTBACXX.s_2	SLX-7239.D707_D503.C2FTBACXX.2	C2FTBACXX	E2+DHT	TH-108	TH-108 ED
SLX-7239.D707_D503.C2FTBACXX.s_3	SLX-7239.D707_D503.C2FTBACXX.3	C2FTBACXX	E2+DHT	TH-108	TH-108 ED
SLX-7239.D707_D503.C2FTBACXX.s_4	SLX-7239.D707_D503.C2FTBACXX.4	C2FTBACXX	E2+DHT	TH-108	TH-108 ED
SLX-7239.D707_D503.C2FUJACXX.s_5	SLX-7239.D707_D503.C2FUJACXX.5	C2FUJACXX	E2+DHT	TH-108	TH-108 ED
SLX-7239.D707_D503.C2FUJACXX.s_6	SLX-7239.D707_D503.C2FUJACXX.6	C2FUJACXX	E2+DHT	TH-108	TH-108 ED
SLX-7239.D707_D503.C2FUJACXX.s_7	SLX-7239.D707_D503.C2FUJACXX.7	C2FUJACXX	E2+DHT	TH-108	TH-108 ED
SLX-7239.D707_D503.C2FUJACXX.s_8	SLX-7239.D707_D503.C2FUJACXX.8	C2FUJACXX	E2+DHT	TH-108	TH-108 ED
SLX-7239.D707_D504.C2FTBACXX.s_1	SLX-7239.D707_D504.C2FTBACXX.1	C2FTBACXX	E2	TH-101	TH-101 E
SLX-7239.D707_D504.C2FTBACXX.s_2	SLX-7239.D707_D504.C2FTBACXX.2	C2FTBACXX	E2	TH-101	TH-101 E
SLX-7239.D707_D504.C2FTBACXX.s_3	SLX-7239.D707_D504.C2FTBACXX.3	C2FTBACXX	E2	TH-101	TH-101 E
SLX-7239.D707_D504.C2FTBACXX.s_4	SLX-7239.D707_D504.C2FTBACXX.4	C2FTBACXX	E2	TH-101	TH-101 E
SLX-7239.D707_D504.C2FUJACXX.s_5	SLX-7239.D707_D504.C2FUJACXX.5	C2FUJACXX	E2	TH-101	TH-101 E
SLX-7239.D707_D504.C2FUJACXX.s_6	SLX-7239.D707_D504.C2FUJACXX.6	C2FUJACXX	E2	TH-101	TH-101 E
SLX-7239.D707_D504.C2FUJACXX.s_7	SLX-7239.D707_D504.C2FUJACXX.7	C2FUJACXX	E2	TH-101	TH-101 E
SLX-7239.D707_D504.C2FUJACXX.s_8	SLX-7239.D707_D504.C2FUJACXX.8	C2FUJACXX	E2	TH-101	TH-101 E
SLX-7239.D707_D505.C2FTBACXX.s_1	SLX-7239.D707_D505.C2FTBACXX.1	C2FTBACXX	E2	TH-88	TH-88 E
SLX-7239.D707_D505.C2FTBACXX.s_2	SLX-7239.D707_D505.C2FTBACXX.2	C2FTBACXX	E2	TH-88	TH-88 E
SLX-7239.D707_D505.C2FTBACXX.s_3	SLX-7239.D707_D505.C2FTBACXX.3	C2FTBACXX	E2	TH-88	TH-88 E
SLX-7239.D707_D505.C2FTBACXX.s_4	SLX-7239.D707_D505.C2FTBACXX.4	C2FTBACXX	E2	TH-88	TH-88 E
SLX-7239.D707_D505.C2FUJACXX.s_5	SLX-7239.D707_D505.C2FUJACXX.5	C2FUJACXX	E2	TH-88	TH-88 E
SLX-7239.D707_D505.C2FUJACXX.s_6	SLX-7239.D707_D505.C2FUJACXX.6	C2FUJACXX	E2	TH-88	TH-88 E
SLX-7239.D707_D505.C2FUJACXX.s_7	SLX-7239.D707_D505.C2FUJACXX.7	C2FUJACXX	E2	TH-88	TH-88 E
SLX-7239.D707_D505.C2FUJACXX.s_8	SLX-7239.D707_D505.C2FUJACXX.8	C2FUJACXX	E2	TH-88	TH-88 E
SLX-7239.D707_D506.C2FTBACXX.s_1	SLX-7239.D707_D506.C2FTBACXX.1	C2FTBACXX	Veh	TH-107	TH-107 V
SLX-7239.D707_D506.C2FTBACXX.s_2	SLX-7239.D707_D506.C2FTBACXX.2	C2FTBACXX	Veh	TH-107	TH-107 V
SLX-7239.D707_D506.C2FTBACXX.s_3	SLX-7239.D707_D506.C2FTBACXX.3	C2FTBACXX	Veh	TH-107	TH-107 V
SLX-7239.D707_D506.C2FTBACXX.s_4	SLX-7239.D707_D506.C2FTBACXX.4	C2FTBACXX	Veh	TH-107	TH-107 V
SLX-7239.D707_D506.C2FUJACXX.s_5	SLX-7239.D707_D506.C2FUJACXX.5	C2FUJACXX	Veh	TH-107	TH-107 V
SLX-7239.D707_D506.C2FUJACXX.s_6	SLX-7239.D707_D506.C2FUJACXX.6	C2FUJACXX	Veh	TH-107	TH-107 V
SLX-7239.D707_D506.C2FUJACXX.s_7	SLX-7239.D707_D506.C2FUJACXX.7	C2FUJACXX	Veh	TH-107	TH-107 V
SLX-7239.D707_D506.C2FUJACXX.s_8	SLX-7239.D707_D506.C2FUJACXX.8	C2FUJACXX	Veh	TH-107	TH-107 V
SLX-7239.D708_D501.C2FTBACXX.s_1	SLX-7239.D708_D501.C2FTBACXX.1	C2FTBACXX	Veh	TH-103	TH-103 V
SLX-7239.D708_D501.C2FTBACXX.s_2	SLX-7239.D708_D501.C2FTBACXX.2	C2FTBACXX	Veh	TH-103	TH-103 V
SLX-7239.D708_D501.C2FTBACXX.s_3	SLX-7239.D708_D501.C2FTBACXX.3	C2FTBACXX	Veh	TH-103	TH-103 V
SLX-7239.D708_D501.C2FTBACXX.s_4	SLX-7239.D708_D501.C2FTBACXX.4	C2FTBACXX	Veh	TH-103	TH-103 V
SLX-7239.D708_D501.C2FUJACXX.s_5	SLX-7239.D708_D501.C2FUJACXX.5	C2FUJACXX	Veh	TH-103	TH-103 V
SLX-7239.D708_D501.C2FUJACXX.s_6	SLX-7239.D708_D501.C2FUJACXX.6	C2FUJACXX	Veh	TH-103	TH-103 V
SLX-7239.D708_D501.C2FUJACXX.s_7	SLX-7239.D708_D501.C2FUJACXX.7	C2FUJACXX	Veh	TH-103	TH-103 V
SLX-7239.D708_D501.C2FUJACXX.s_8	SLX-7239.D708_D501.C2FUJACXX.8	C2FUJACXX	Veh	TH-103	TH-103 V
SLX-7239.D708_D502.C2FTBACXX.s_1	SLX-7239.D708_D502.C2FTBACXX.1	C2FTBACXX	E2+DHT	TH-81	TH-81 ED
SLX-7239.D708_D502.C2FTBACXX.s_2	SLX-7239.D708_D502.C2FTBACXX.2	C2FTBACXX	E2+DHT	TH-81	TH-81 ED
SLX-7239.D708_D502.C2FTBACXX.s_3	SLX-7239.D708_D502.C2FTBACXX.3	C2FTBACXX	E2+DHT	TH-81	TH-81 ED
SLX-7239.D708_D502.C2FTBACXX.s_4	SLX-7239.D708_D502.C2FTBACXX.4	C2FTBACXX	E2+DHT	TH-81	TH-81 ED
SLX-7239.D708_D502.C2FUJACXX.s_5	SLX-7239.D708_D502.C2FUJACXX.5	C2FUJACXX	E2+DHT	TH-81	TH-81 ED
SLX-7239.D708_D502.C2FUJACXX.s_6	SLX-7239.D708_D502.C2FUJACXX.6	C2FUJACXX	E2+DHT	TH-81	TH-81 ED
SLX-7239.D708_D502.C2FUJACXX.s_7	SLX-7239.D708_D502.C2FUJACXX.7	C2FUJACXX	E2+DHT	TH-81	TH-81 ED
SLX-7239.D708_D502.C2FUJACXX.s_8	SLX-7239.D708_D502.C2FUJACXX.8	C2FUJACXX	E2+DHT	TH-81	TH-81 ED
SLX-7239.D708_D503.C2FTBACXX.s_1	SLX-7239.D708_D503.C2FTBACXX.1	C2FTBACXX	DHT	TH-105	TH-105 D
SLX-7239.D708_D503.C2FTBACXX.s_2	SLX-7239.D708_D503.C2FTBACXX.2	C2FTBACXX	DHT	TH-105	TH-105 D
SLX-7239.D708_D503.C2FTBACXX.s_3	SLX-7239.D708_D503.C2FTBACXX.3	C2FTBACXX	DHT	TH-105	TH-105 D
SLX-7239.D708_D503.C2FTBACXX.s_4	SLX-7239.D708_D503.C2FTBACXX.4	C2FTBACXX	DHT	TH-105	TH-105 D
SLX-7239.D708_D503.C2FUJACXX.s_5	SLX-7239.D708_D503.C2FUJACXX.5	C2FUJACXX	DHT	TH-105	TH-105 D
SLX-7239.D708_D503.C2FUJACXX.s_6	SLX-7239.D708_D503.C2FUJACXX.6	C2FUJACXX	DHT	TH-105	TH-105 D
SLX-7239.D708_D503.C2FUJACXX.s_7	SLX-7239.D708_D503.C2FUJACXX.7	C2FUJACXX	DHT	TH-105	TH-105 D
SLX-7239.D708_D503.C2FUJACXX.s_8	SLX-7239.D708_D503.C2FUJACXX.8	C2FUJACXX	DHT	TH-105	TH-105 D
SLX-7239.D708_D504.C2FTBACXX.s_1	SLX-7239.D708_D504.C2FTBACXX.1	C2FTBACXX	Veh	TH-84	TH-84 V
SLX-7239.D708_D504.C2FTBACXX.s_2	SLX-7239.D708_D504.C2FTBACXX.2	C2FTBACXX	Veh	TH-84	TH-84 V
SLX-7239.D708_D504.C2FTBACXX.s_3	SLX-7239.D708_D504.C2FTBACXX.3	C2FTBACXX	Veh	TH-84	TH-84 V
SLX-7239.D708_D504.C2FTBACXX.s_4	SLX-7239.D708_D504.C2FTBACXX.4	C2FTBACXX	Veh	TH-84	TH-84 V
SLX-7239.D708_D504.C2FUJACXX.s_5	SLX-7239.D708_D504.C2FUJACXX.5	C2FUJACXX	Veh	TH-84	TH-84 V
SLX-7239.D708_D504.C2FUJACXX.s_6	SLX-7239.D708_D504.C2FUJACXX.6	C2FUJACXX	Veh	TH-84	TH-84 V
SLX-7239.D708_D504.C2FUJACXX.s_7	SLX-7239.D708_D504.C2FUJACXX.7	C2FUJACXX	Veh	TH-84	TH-84 V
SLX-7239.D708_D504.C2FUJACXX.s_8	SLX-7239.D708_D504.C2FUJACXX.8	C2FUJACXX	Veh	TH-84	TH-84 V
SLX-7239.D708_D506.C2FTBACXX.s_1	SLX-7239.D708_D506.C2FTBACXX.1	C2FTBACXX	E2	TH-104	TH-104 E
SLX-7239.D708_D506.C2FTBACXX.s_2	SLX-7239.D708_D506.C2FTBACXX.2	C2FTBACXX	E2	TH-104	TH-104 E
SLX-7239.D708_D506.C2FTBACXX.s_3	SLX-7239.D708_D506.C2FTBACXX.3	C2FTBACXX	E2	TH-104	TH-104 E
SLX-7239.D708_D506.C2FTBACXX.s_4	SLX-7239.D708_D506.C2FTBACXX.4	C2FTBACXX	E2	TH-104	TH-104 E
SLX-7239.D708_D506.C2FUJACXX.s_5	SLX-7239.D708_D506.C2FUJACXX.5	C2FUJACXX	E2	TH-104	TH-104 E
SLX-7239.D708_D506.C2FUJACXX.s_6	SLX-7239.D708_D506.C2FUJACXX.6	C2FUJACXX	E2	TH-104	TH-104 E
SLX-7239.D708_D506.C2FUJACXX.s_7	SLX-7239.D708_D506.C2FUJACXX.7	C2FUJACXX	E2	TH-104	TH-104 E
SLX-7239.D708_D506.C2FUJACXX.s_8	SLX-7239.D708_D506.C2FUJACXX.8	C2FUJACXX	E2	TH-104	TH-104 E
SLX-7239.D708_D507.C2FTBACXX.s_1	SLX-7239.D708_D507.C2FTBACXX.1	C2FTBACXX	DHT	TH-104	TH-104 D
SLX-7239.D708_D507.C2FTBACXX.s_2	SLX-7239.D708_D507.C2FTBACXX.2	C2FTBACXX	DHT	TH-104	TH-104 D
SLX-7239.D708_D507.C2FTBACXX.s_3	SLX-7239.D708_D507.C2FTBACXX.3	C2FTBACXX	DHT	TH-104	TH-104 D
SLX-7239.D708_D507.C2FTBACXX.s_4	SLX-7239.D708_D507.C2FTBACXX.4	C2FTBACXX	DHT	TH-104	TH-104 D
SLX-7239.D708_D507.C2FUJACXX.s_5	SLX-7239.D708_D507.C2FUJACXX.5	C2FUJACXX	DHT	TH-104	TH-104 D
SLX-7239.D708_D507.C2FUJACXX.s_6	SLX-7239.D708_D507.C2FUJACXX.6	C2FUJACXX	DHT	TH-104	TH-104 D
SLX-7239.D708_D507.C2FUJACXX.s_7	SLX-7239.D708_D507.C2FUJACXX.7	C2FUJACXX	DHT	TH-104	TH-104 D
SLX-7239.D708_D507.C2FUJACXX.s_8	SLX-7239.D708_D507.C2FUJACXX.8	C2FUJACXX	DHT	TH-104	TH-104 D
SLX-7239.D708_D508.C2FTBACXX.s_1	SLX-7239.D708_D508.C2FTBACXX.1	C2FTBACXX	E2+DHT	TH-84	TH-84 ED
SLX-7239.D708_D508.C2FTBACXX.s_2	SLX-7239.D708_D508.C2FTBACXX.2	C2FTBACXX	E2+DHT	TH-84	TH-84 ED
SLX-7239.D708_D508.C2FTBACXX.s_3	SLX-7239.D708_D508.C2FTBACXX.3	C2FTBACXX	E2+DHT	TH-84	TH-84 ED
SLX-7239.D708_D508.C2FTBACXX.s_4	SLX-7239.D708_D508.C2FTBACXX.4	C2FTBACXX	E2+DHT	TH-84	TH-84 ED
SLX-7239.D708_D508.C2FUJACXX.s_5	SLX-7239.D708_D508.C2FUJACXX.5	C2FUJACXX	E2+DHT	TH-84	TH-84 ED
SLX-7239.D708_D508.C2FUJACXX.s_6	SLX-7239.D708_D508.C2FUJACXX.6	C2FUJACXX	E2+DHT	TH-84	TH-84 ED
SLX-7239.D708_D508.C2FUJACXX.s_7	SLX-7239.D708_D508.C2FUJACXX.7	C2FUJACXX	E2+DHT	TH-84	TH-84 ED
SLX-7239.D708_D508.C2FUJACXX.s_8	SLX-7239.D708_D508.C2FUJACXX.8	C2FUJACXX	E2+DHT	TH-84	TH-84 ED
SLX-7239.D709_D501.C2FTBACXX.s_1	SLX-7239.D709_D501.C2FTBACXX.1	C2FTBACXX	E2	TH-87	TH-87 E
SLX-7239.D709_D501.C2FTBACXX.s_2	SLX-7239.D709_D501.C2FTBACXX.2	C2FTBACXX	E2	TH-87	TH-87 E
SLX-7239.D709_D501.C2FTBACXX.s_3	SLX-7239.D709_D501.C2FTBACXX.3	C2FTBACXX	E2	TH-87	TH-87 E
SLX-7239.D709_D501.C2FTBACXX.s_4	SLX-7239.D709_D501.C2FTBACXX.4	C2FTBACXX	E2	TH-87	TH-87 E
SLX-7239.D709_D501.C2FUJACXX.s_5	SLX-7239.D709_D501.C2FUJACXX.5	C2FUJACXX	E2	TH-87	TH-87 E
SLX-7239.D709_D501.C2FUJACXX.s_6	SLX-7239.D709_D501.C2FUJACXX.6	C2FUJACXX	E2	TH-87	TH-87 E
SLX-7239.D709_D501.C2FUJACXX.s_7	SLX-7239.D709_D501.C2FUJACXX.7	C2FUJACXX	E2	TH-87	TH-87 E
SLX-7239.D709_D501.C2FUJACXX.s_8	SLX-7239.D709_D501.C2FUJACXX.8	C2FUJACXX	E2	TH-87	TH-87 E
SLX-7239.D709_D502.C2FTBACXX.s_1	SLX-7239.D709_D502.C2FTBACXX.1	C2FTBACXX	DHT	TH-87	TH-87 D
SLX-7239.D709_D502.C2FTBACXX.s_2	SLX-7239.D709_D502.C2FTBACXX.2	C2FTBACXX	DHT	TH-87	TH-87 D
SLX-7239.D709_D502.C2FTBACXX.s_3	SLX-7239.D709_D502.C2FTBACXX.3	C2FTBACXX	DHT	TH-87	TH-87 D
SLX-7239.D709_D502.C2FTBACXX.s_4	SLX-7239.D709_D502.C2FTBACXX.4	C2FTBACXX	DHT	TH-87	TH-87 D
SLX-7239.D709_D502.C2FUJACXX.s_5	SLX-7239.D709_D502.C2FUJACXX.5	C2FUJACXX	DHT	TH-87	TH-87 D
SLX-7239.D709_D502.C2FUJACXX.s_6	SLX-7239.D709_D502.C2FUJACXX.6	C2FUJACXX	DHT	TH-87	TH-87 D
SLX-7239.D709_D502.C2FUJACXX.s_7	SLX-7239.D709_D502.C2FUJACXX.7	C2FUJACXX	DHT	TH-87	TH-87 D
SLX-7239.D709_D502.C2FUJACXX.s_8	SLX-7239.D709_D502.C2FUJACXX.8	C2FUJACXX	DHT	TH-87	TH-87 D
SLX-7239.D709_D504.C2FTBACXX.s_1	SLX-7239.D709_D504.C2FTBACXX.1	C2FTBACXX	E2	TH-86	TH-86 E
SLX-7239.D709_D504.C2FTBACXX.s_2	SLX-7239.D709_D504.C2FTBACXX.2	C2FTBACXX	E2	TH-86	TH-86 E
SLX-7239.D709_D504.C2FTBACXX.s_3	SLX-7239.D709_D504.C2FTBACXX.3	C2FTBACXX	E2	TH-86	TH-86 E
SLX-7239.D709_D504.C2FTBACXX.s_4	SLX-7239.D709_D504.C2FTBACXX.4	C2FTBACXX	E2	TH-86	TH-86 E
SLX-7239.D709_D504.C2FUJACXX.s_5	SLX-7239.D709_D504.C2FUJACXX.5	C2FUJACXX	E2	TH-86	TH-86 E
SLX-7239.D709_D504.C2FUJACXX.s_6	SLX-7239.D709_D504.C2FUJACXX.6	C2FUJACXX	E2	TH-86	TH-86 E
SLX-7239.D709_D504.C2FUJACXX.s_7	SLX-7239.D709_D504.C2FUJACXX.7	C2FUJACXX	E2	TH-86	TH-86 E
SLX-7239.D709_D504.C2FUJACXX.s_8	SLX-7239.D709_D504.C2FUJACXX.8	C2FUJACXX	E2	TH-86	TH-86 E
SLX-7239.D709_D505.C2FTBACXX.s_1	SLX-7239.D709_D505.C2FTBACXX.1	C2FTBACXX	Veh	TH-108	TH-108 V
SLX-7239.D709_D505.C2FTBACXX.s_2	SLX-7239.D709_D505.C2FTBACXX.2	C2FTBACXX	Veh	TH-108	TH-108 V
SLX-7239.D709_D505.C2FTBACXX.s_3	SLX-7239.D709_D505.C2FTBACXX.3	C2FTBACXX	Veh	TH-108	TH-108 V
SLX-7239.D709_D505.C2FTBACXX.s_4	SLX-7239.D709_D505.C2FTBACXX.4	C2FTBACXX	Veh	TH-108	TH-108 V
SLX-7239.D709_D505.C2FUJACXX.s_5	SLX-7239.D709_D505.C2FUJACXX.5	C2FUJACXX	Veh	TH-108	TH-108 V
SLX-7239.D709_D505.C2FUJACXX.s_6	SLX-7239.D709_D505.C2FUJACXX.6	C2FUJACXX	Veh	TH-108	TH-108 V
SLX-7239.D709_D505.C2FUJACXX.s_7	SLX-7239.D709_D505.C2FUJACXX.7	C2FUJACXX	Veh	TH-108	TH-108 V
SLX-7239.D709_D505.C2FUJACXX.s_8	SLX-7239.D709_D505.C2FUJACXX.8	C2FUJACXX	Veh	TH-108	TH-108 V
SLX-7239.D709_D507.C2FTBACXX.s_1	SLX-7239.D709_D507.C2FTBACXX.1	C2FTBACXX	E2+DHT	TH-103	TH-103 ED
SLX-7239.D709_D507.C2FTBACXX.s_2	SLX-7239.D709_D507.C2FTBACXX.2	C2FTBACXX	E2+DHT	TH-103	TH-103 ED
SLX-7239.D709_D507.C2FTBACXX.s_3	SLX-7239.D709_D507.C2FTBACXX.3	C2FTBACXX	E2+DHT	TH-103	TH-103 ED
SLX-7239.D709_D507.C2FTBACXX.s_4	SLX-7239.D709_D507.C2FTBACXX.4	C2FTBACXX	E2+DHT	TH-103	TH-103 ED
SLX-7239.D709_D507.C2FUJACXX.s_5	SLX-7239.D709_D507.C2FUJACXX.5	C2FUJACXX	E2+DHT	TH-103	TH-103 ED
SLX-7239.D709_D507.C2FUJACXX.s_6	SLX-7239.D709_D507.C2FUJACXX.6	C2FUJACXX	E2+DHT	TH-103	TH-103 ED
SLX-7239.D709_D507.C2FUJACXX.s_7	SLX-7239.D709_D507.C2FUJACXX.7	C2FUJACXX	E2+DHT	TH-103	TH-103 ED
SLX-7239.D709_D507.C2FUJACXX.s_8	SLX-7239.D709_D507.C2FUJACXX.8	C2FUJACXX	E2+DHT	TH-103	TH-103 ED
SLX-7239.D709_D508.C2FTBACXX.s_1	SLX-7239.D709_D508.C2FTBACXX.1	C2FTBACXX	DHT	TH-88	TH-88 D
SLX-7239.D709_D508.C2FTBACXX.s_2	SLX-7239.D709_D508.C2FTBACXX.2	C2FTBACXX	DHT	TH-88	TH-88 D
SLX-7239.D709_D508.C2FTBACXX.s_3	SLX-7239.D709_D508.C2FTBACXX.3	C2FTBACXX	DHT	TH-88	TH-88 D
SLX-7239.D709_D508.C2FTBACXX.s_4	SLX-7239.D709_D508.C2FTBACXX.4	C2FTBACXX	DHT	TH-88	TH-88 D
SLX-7239.D709_D508.C2FUJACXX.s_5	SLX-7239.D709_D508.C2FUJACXX.5	C2FUJACXX	DHT	TH-88	TH-88 D
SLX-7239.D709_D508.C2FUJACXX.s_6	SLX-7239.D709_D508.C2FUJACXX.6	C2FUJACXX	DHT	TH-88	TH-88 D
SLX-7239.D709_D508.C2FUJACXX.s_7	SLX-7239.D709_D508.C2FUJACXX.7	C2FUJACXX	DHT	TH-88	TH-88 D
SLX-7239.D709_D508.C2FUJACXX.s_8	SLX-7239.D709_D508.C2FUJACXX.8	C2FUJACXX	DHT	TH-88	TH-88 D
SLX-7239.D710_D502.C2FTBACXX.s_1	SLX-7239.D710_D502.C2FTBACXX.1	C2FTBACXX	E2+DHT	TH-104	TH-104 ED
SLX-7239.D710_D502.C2FTBACXX.s_2	SLX-7239.D710_D502.C2FTBACXX.2	C2FTBACXX	E2+DHT	TH-104	TH-104 ED
SLX-7239.D710_D502.C2FTBACXX.s_3	SLX-7239.D710_D502.C2FTBACXX.3	C2FTBACXX	E2+DHT	TH-104	TH-104 ED
SLX-7239.D710_D502.C2FTBACXX.s_4	SLX-7239.D710_D502.C2FTBACXX.4	C2FTBACXX	E2+DHT	TH-104	TH-104 ED
SLX-7239.D710_D502.C2FUJACXX.s_5	SLX-7239.D710_D502.C2FUJACXX.5	C2FUJACXX	E2+DHT	TH-104	TH-104 ED
SLX-7239.D710_D502.C2FUJACXX.s_6	SLX-7239.D710_D502.C2FUJACXX.6	C2FUJACXX	E2+DHT	TH-104	TH-104 ED
SLX-7239.D710_D502.C2FUJACXX.s_7	SLX-7239.D710_D502.C2FUJACXX.7	C2FUJACXX	E2+DHT	TH-104	TH-104 ED
SLX-7239.D710_D502.C2FUJACXX.s_8	SLX-7239.D710_D502.C2FUJACXX.8	C2FUJACXX	E2+DHT	TH-104	TH-104 ED
SLX-7239.D710_D504.C2FTBACXX.s_1	SLX-7239.D710_D504.C2FTBACXX.1	C2FTBACXX	DHT	TH-84	TH-84 D
SLX-7239.D710_D504.C2FTBACXX.s_2	SLX-7239.D710_D504.C2FTBACXX.2	C2FTBACXX	DHT	TH-84	TH-84 D
SLX-7239.D710_D504.C2FTBACXX.s_3	SLX-7239.D710_D504.C2FTBACXX.3	C2FTBACXX	DHT	TH-84	TH-84 D
SLX-7239.D710_D504.C2FTBACXX.s_4	SLX-7239.D710_D504.C2FTBACXX.4	C2FTBACXX	DHT	TH-84	TH-84 D
SLX-7239.D710_D504.C2FUJACXX.s_5	SLX-7239.D710_D504.C2FUJACXX.5	C2FUJACXX	DHT	TH-84	TH-84 D
SLX-7239.D710_D504.C2FUJACXX.s_6	SLX-7239.D710_D504.C2FUJACXX.6	C2FUJACXX	DHT	TH-84	TH-84 D
SLX-7239.D710_D504.C2FUJACXX.s_7	SLX-7239.D710_D504.C2FUJACXX.7	C2FUJACXX	DHT	TH-84	TH-84 D
SLX-7239.D710_D504.C2FUJACXX.s_8	SLX-7239.D710_D504.C2FUJACXX.8	C2FUJACXX	DHT	TH-84	TH-84 D
SLX-7239.D710_D505.C2FTBACXX.s_1	SLX-7239.D710_D505.C2FTBACXX.1	C2FTBACXX	Veh	TH-81	TH-81 V
SLX-7239.D710_D505.C2FTBACXX.s_2	SLX-7239.D710_D505.C2FTBACXX.2	C2FTBACXX	Veh	TH-81	TH-81 V
SLX-7239.D710_D505.C2FTBACXX.s_3	SLX-7239.D710_D505.C2FTBACXX.3	C2FTBACXX	Veh	TH-81	TH-81 V
SLX-7239.D710_D505.C2FTBACXX.s_4	SLX-7239.D710_D505.C2FTBACXX.4	C2FTBACXX	Veh	TH-81	TH-81 V
SLX-7239.D710_D505.C2FUJACXX.s_5	SLX-7239.D710_D505.C2FUJACXX.5	C2FUJACXX	Veh	TH-81	TH-81 V
SLX-7239.D710_D505.C2FUJACXX.s_6	SLX-7239.D710_D505.C2FUJACXX.6	C2FUJACXX	Veh	TH-81	TH-81 V
SLX-7239.D710_D505.C2FUJACXX.s_7	SLX-7239.D710_D505.C2FUJACXX.7	C2FUJACXX	Veh	TH-81	TH-81 V
SLX-7239.D710_D505.C2FUJACXX.s_8	SLX-7239.D710_D505.C2FUJACXX.8	C2FUJACXX	Veh	TH-81	TH-81 V
SLX-7239.D710_D506.C2FTBACXX.s_1	SLX-7239.D710_D506.C2FTBACXX.1	C2FTBACXX	E2+DHT	TH-106	TH-106 ED
SLX-7239.D710_D506.C2FTBACXX.s_2	SLX-7239.D710_D506.C2FTBACXX.2	C2FTBACXX	E2+DHT	TH-106	TH-106 ED
SLX-7239.D710_D506.C2FTBACXX.s_3	SLX-7239.D710_D506.C2FTBACXX.3	C2FTBACXX	E2+DHT	TH-106	TH-106 ED
SLX-7239.D710_D506.C2FTBACXX.s_4	SLX-7239.D710_D506.C2FTBACXX.4	C2FTBACXX	E2+DHT	TH-106	TH-106 ED
SLX-7239.D710_D506.C2FUJACXX.s_5	SLX-7239.D710_D506.C2FUJACXX.5	C2FUJACXX	E2+DHT	TH-106	TH-106 ED
SLX-7239.D710_D506.C2FUJACXX.s_6	SLX-7239.D710_D506.C2FUJACXX.6	C2FUJACXX	E2+DHT	TH-106	TH-106 ED
SLX-7239.D710_D506.C2FUJACXX.s_7	SLX-7239.D710_D506.C2FUJACXX.7	C2FUJACXX	E2+DHT	TH-106	TH-106 ED
SLX-7239.D710_D506.C2FUJACXX.s_8	SLX-7239.D710_D506.C2FUJACXX.8	C2FUJACXX	E2+DHT	TH-106	TH-106 ED
SLX-7239.D710_D507.C2FTBACXX.s_1	SLX-7239.D710_D507.C2FTBACXX.1	C2FTBACXX	DHT	TH-82	TH-82 D
SLX-7239.D710_D507.C2FTBACXX.s_2	SLX-7239.D710_D507.C2FTBACXX.2	C2FTBACXX	DHT	TH-82	TH-82 D
SLX-7239.D710_D507.C2FTBACXX.s_3	SLX-7239.D710_D507.C2FTBACXX.3	C2FTBACXX	DHT	TH-82	TH-82 D
SLX-7239.D710_D507.C2FTBACXX.s_4	SLX-7239.D710_D507.C2FTBACXX.4	C2FTBACXX	DHT	TH-82	TH-82 D
SLX-7239.D710_D507.C2FUJACXX.s_5	SLX-7239.D710_D507.C2FUJACXX.5	C2FUJACXX	DHT	TH-82	TH-82 D
SLX-7239.D710_D507.C2FUJACXX.s_6	SLX-7239.D710_D507.C2FUJACXX.6	C2FUJACXX	DHT	TH-82	TH-82 D
SLX-7239.D710_D507.C2FUJACXX.s_7	SLX-7239.D710_D507.C2FUJACXX.7	C2FUJACXX	DHT	TH-82	TH-82 D
SLX-7239.D710_D507.C2FUJACXX.s_8	SLX-7239.D710_D507.C2FUJACXX.8	C2FUJACXX	DHT	TH-82	TH-82 D
SLX-7239.D710_D508.C2FTBACXX.s_1	SLX-7239.D710_D508.C2FTBACXX.1	C2FTBACXX	E2	TH-81	TH-81 E
SLX-7239.D710_D508.C2FTBACXX.s_2	SLX-7239.D710_D508.C2FTBACXX.2	C2FTBACXX	E2	TH-81	TH-81 E
SLX-7239.D710_D508.C2FTBACXX.s_3	SLX-7239.D710_D508.C2FTBACXX.3	C2FTBACXX	E2	TH-81	TH-81 E
SLX-7239.D710_D508.C2FTBACXX.s_4	SLX-7239.D710_D508.C2FTBACXX.4	C2FTBACXX	E2	TH-81	TH-81 E
SLX-7239.D710_D508.C2FUJACXX.s_5	SLX-7239.D710_D508.C2FUJACXX.5	C2FUJACXX	E2	TH-81	TH-81 E
SLX-7239.D710_D508.C2FUJACXX.s_6	SLX-7239.D710_D508.C2FUJACXX.6	C2FUJACXX	E2	TH-81	TH-81 E
SLX-7239.D710_D508.C2FUJACXX.s_7	SLX-7239.D710_D508.C2FUJACXX.7	C2FUJACXX	E2	TH-81	TH-81 E
SLX-7239.D710_D508.C2FUJACXX.s_8	SLX-7239.D710_D508.C2FUJACXX.8	C2FUJACXX	E2	TH-81	TH-81 E
SLX-7239.D711_D501.C2FTBACXX.s_1	SLX-7239.D711_D501.C2FTBACXX.1	C2FTBACXX	E2+DHT	TH-107	TH-107 ED
SLX-7239.D711_D501.C2FTBACXX.s_2	SLX-7239.D711_D501.C2FTBACXX.2	C2FTBACXX	E2+DHT	TH-107	TH-107 ED
SLX-7239.D711_D501.C2FTBACXX.s_3	SLX-7239.D711_D501.C2FTBACXX.3	C2FTBACXX	E2+DHT	TH-107	TH-107 ED
SLX-7239.D711_D501.C2FTBACXX.s_4	SLX-7239.D711_D501.C2FTBACXX.4	C2FTBACXX	E2+DHT	TH-107	TH-107 ED
SLX-7239.D711_D501.C2FUJACXX.s_5	SLX-7239.D711_D501.C2FUJACXX.5	C2FUJACXX	E2+DHT	TH-107	TH-107 ED
SLX-7239.D711_D501.C2FUJACXX.s_6	SLX-7239.D711_D501.C2FUJACXX.6	C2FUJACXX	E2+DHT	TH-107	TH-107 ED
SLX-7239.D711_D501.C2FUJACXX.s_7	SLX-7239.D711_D501.C2FUJACXX.7	C2FUJACXX	E2+DHT	TH-107	TH-107 ED
SLX-7239.D711_D501.C2FUJACXX.s_8	SLX-7239.D711_D501.C2FUJACXX.8	C2FUJACXX	E2+DHT	TH-107	TH-107 ED
SLX-7239.D711_D502.C2FTBACXX.s_1	SLX-7239.D711_D502.C2FTBACXX.1	C2FTBACXX	DHT	TH-85	TH-85 D
SLX-7239.D711_D502.C2FTBACXX.s_2	SLX-7239.D711_D502.C2FTBACXX.2	C2FTBACXX	DHT	TH-85	TH-85 D
SLX-7239.D711_D502.C2FTBACXX.s_3	SLX-7239.D711_D502.C2FTBACXX.3	C2FTBACXX	DHT	TH-85	TH-85 D
SLX-7239.D711_D502.C2FTBACXX.s_4	SLX-7239.D711_D502.C2FTBACXX.4	C2FTBACXX	DHT	TH-85	TH-85 D
SLX-7239.D711_D502.C2FUJACXX.s_5	SLX-7239.D711_D502.C2FUJACXX.5	C2FUJACXX	DHT	TH-85	TH-85 D
SLX-7239.D711_D502.C2FUJACXX.s_6	SLX-7239.D711_D502.C2FUJACXX.6	C2FUJACXX	DHT	TH-85	TH-85 D
SLX-7239.D711_D502.C2FUJACXX.s_7	SLX-7239.D711_D502.C2FUJACXX.7	C2FUJACXX	DHT	TH-85	TH-85 D
SLX-7239.D711_D502.C2FUJACXX.s_8	SLX-7239.D711_D502.C2FUJACXX.8	C2FUJACXX	DHT	TH-85	TH-85 D
SLX-7239.D711_D504.C2FTBACXX.s_1	SLX-7239.D711_D504.C2FTBACXX.1	C2FTBACXX	Veh	TH-89	TH-89 V
SLX-7239.D711_D504.C2FTBACXX.s_2	SLX-7239.D711_D504.C2FTBACXX.2	C2FTBACXX	Veh	TH-89	TH-89 V
SLX-7239.D711_D504.C2FTBACXX.s_3	SLX-7239.D711_D504.C2FTBACXX.3	C2FTBACXX	Veh	TH-89	TH-89 V
SLX-7239.D711_D504.C2FTBACXX.s_4	SLX-7239.D711_D504.C2FTBACXX.4	C2FTBACXX	Veh	TH-89	TH-89 V
SLX-7239.D711_D504.C2FUJACXX.s_5	SLX-7239.D711_D504.C2FUJACXX.5	C2FUJACXX	Veh	TH-89	TH-89 V
SLX-7239.D711_D504.C2FUJACXX.s_6	SLX-7239.D711_D504.C2FUJACXX.6	C2FUJACXX	Veh	TH-89	TH-89 V
SLX-7239.D711_D504.C2FUJACXX.s_7	SLX-7239.D711_D504.C2FUJACXX.7	C2FUJACXX	Veh	TH-89	TH-89 V
SLX-7239.D711_D504.C2FUJACXX.s_8	SLX-7239.D711_D504.C2FUJACXX.8	C2FUJACXX	Veh	TH-89	TH-89 V
SLX-7239.D711_D505.C2FTBACXX.s_1	SLX-7239.D711_D505.C2FTBACXX.1	C2FTBACXX	E2	TH-106	TH-106 E
SLX-7239.D711_D505.C2FTBACXX.s_2	SLX-7239.D711_D505.C2FTBACXX.2	C2FTBACXX	E2	TH-106	TH-106 E
SLX-7239.D711_D505.C2FTBACXX.s_3	SLX-7239.D711_D505.C2FTBACXX.3	C2FTBACXX	E2	TH-106	TH-106 E
SLX-7239.D711_D505.C2FTBACXX.s_4	SLX-7239.D711_D505.C2FTBACXX.4	C2FTBACXX	E2	TH-106	TH-106 E
SLX-7239.D711_D505.C2FUJACXX.s_5	SLX-7239.D711_D505.C2FUJACXX.5	C2FUJACXX	E2	TH-106	TH-106 E
SLX-7239.D711_D505.C2FUJACXX.s_6	SLX-7239.D711_D505.C2FUJACXX.6	C2FUJACXX	E2	TH-106	TH-106 E
SLX-7239.D711_D505.C2FUJACXX.s_7	SLX-7239.D711_D505.C2FUJACXX.7	C2FUJACXX	E2	TH-106	TH-106 E
SLX-7239.D711_D505.C2FUJACXX.s_8	SLX-7239.D711_D505.C2FUJACXX.8	C2FUJACXX	E2	TH-106	TH-106 E
SLX-7239.D711_D506.C2FTBACXX.s_1	SLX-7239.D711_D506.C2FTBACXX.1	C2FTBACXX	E2+DHT	TH-82	TH-82 ED
SLX-7239.D711_D506.C2FTBACXX.s_2	SLX-7239.D711_D506.C2FTBACXX.2	C2FTBACXX	E2+DHT	TH-82	TH-82 ED
SLX-7239.D711_D506.C2FTBACXX.s_3	SLX-7239.D711_D506.C2FTBACXX.3	C2FTBACXX	E2+DHT	TH-82	TH-82 ED
SLX-7239.D711_D506.C2FTBACXX.s_4	SLX-7239.D711_D506.C2FTBACXX.4	C2FTBACXX	E2+DHT	TH-82	TH-82 ED
SLX-7239.D711_D506.C2FUJACXX.s_5	SLX-7239.D711_D506.C2FUJACXX.5	C2FUJACXX	E2+DHT	TH-82	TH-82 ED
SLX-7239.D711_D506.C2FUJACXX.s_6	SLX-7239.D711_D506.C2FUJACXX.6	C2FUJACXX	E2+DHT	TH-82	TH-82 ED
SLX-7239.D711_D506.C2FUJACXX.s_7	SLX-7239.D711_D506.C2FUJACXX.7	C2FUJACXX	E2+DHT	TH-82	TH-82 ED
SLX-7239.D711_D506.C2FUJACXX.s_8	SLX-7239.D711_D506.C2FUJACXX.8	C2FUJACXX	E2+DHT	TH-82	TH-82 ED
SLX-7239.D711_D507.C2FTBACXX.s_1	SLX-7239.D711_D507.C2FTBACXX.1	C2FTBACXX	Veh	TH-88	TH-88 V
SLX-7239.D711_D507.C2FTBACXX.s_2	SLX-7239.D711_D507.C2FTBACXX.2	C2FTBACXX	Veh	TH-88	TH-88 V
SLX-7239.D711_D507.C2FTBACXX.s_3	SLX-7239.D711_D507.C2FTBACXX.3	C2FTBACXX	Veh	TH-88	TH-88 V
SLX-7239.D711_D507.C2FTBACXX.s_4	SLX-7239.D711_D507.C2FTBACXX.4	C2FTBACXX	Veh	TH-88	TH-88 V
SLX-7239.D711_D507.C2FUJACXX.s_5	SLX-7239.D711_D507.C2FUJACXX.5	C2FUJACXX	Veh	TH-88	TH-88 V
SLX-7239.D711_D507.C2FUJACXX.s_6	SLX-7239.D711_D507.C2FUJACXX.6	C2FUJACXX	Veh	TH-88	TH-88 V
SLX-7239.D711_D507.C2FUJACXX.s_7	SLX-7239.D711_D507.C2FUJACXX.7	C2FUJACXX	Veh	TH-88	TH-88 V
SLX-7239.D711_D507.C2FUJACXX.s_8	SLX-7239.D711_D507.C2FUJACXX.8	C2FUJACXX	Veh	TH-88	TH-88 V
SLX-7239.D711_D508.C2FTBACXX.s_1	SLX-7239.D711_D508.C2FTBACXX.1	C2FTBACXX	E2	TH-83	TH-83 E
SLX-7239.D711_D508.C2FTBACXX.s_2	SLX-7239.D711_D508.C2FTBACXX.2	C2FTBACXX	E2	TH-83	TH-83 E
SLX-7239.D711_D508.C2FTBACXX.s_3	SLX-7239.D711_D508.C2FTBACXX.3	C2FTBACXX	E2	TH-83	TH-83 E
SLX-7239.D711_D508.C2FTBACXX.s_4	SLX-7239.D711_D508.C2FTBACXX.4	C2FTBACXX	E2	TH-83	TH-83 E
SLX-7239.D711_D508.C2FUJACXX.s_5	SLX-7239.D711_D508.C2FUJACXX.5	C2FUJACXX	E2	TH-83	TH-83 E
SLX-7239.D711_D508.C2FUJACXX.s_6	SLX-7239.D711_D508.C2FUJACXX.6	C2FUJACXX	E2	TH-83	TH-83 E
SLX-7239.D711_D508.C2FUJACXX.s_7	SLX-7239.D711_D508.C2FUJACXX.7	C2FUJACXX	E2	TH-83	TH-83 E
SLX-7239.D711_D508.C2FUJACXX.s_8	SLX-7239.D711_D508.C2FUJACXX.8	C2FUJACXX	E2	TH-83	TH-83 E
SLX-7239.D712_D502.C2FTBACXX.s_1	SLX-7239.D712_D502.C2FTBACXX.1	C2FTBACXX	E2	TH-107	TH-107 E
SLX-7239.D712_D502.C2FTBACXX.s_2	SLX-7239.D712_D502.C2FTBACXX.2	C2FTBACXX	E2	TH-107	TH-107 E
SLX-7239.D712_D502.C2FTBACXX.s_3	SLX-7239.D712_D502.C2FTBACXX.3	C2FTBACXX	E2	TH-107	TH-107 E
SLX-7239.D712_D502.C2FTBACXX.s_4	SLX-7239.D712_D502.C2FTBACXX.4	C2FTBACXX	E2	TH-107	TH-107 E
SLX-7239.D712_D502.C2FUJACXX.s_5	SLX-7239.D712_D502.C2FUJACXX.5	C2FUJACXX	E2	TH-107	TH-107 E
SLX-7239.D712_D502.C2FUJACXX.s_6	SLX-7239.D712_D502.C2FUJACXX.6	C2FUJACXX	E2	TH-107	TH-107 E
SLX-7239.D712_D502.C2FUJACXX.s_7	SLX-7239.D712_D502.C2FUJACXX.7	C2FUJACXX	E2	TH-107	TH-107 E
SLX-7239.D712_D502.C2FUJACXX.s_8	SLX-7239.D712_D502.C2FUJACXX.8	C2FUJACXX	E2	TH-107	TH-107 E
SLX-7239.D712_D503.C2FTBACXX.s_1	SLX-7239.D712_D503.C2FTBACXX.1	C2FTBACXX	Veh	TH-105	TH-105 V
SLX-7239.D712_D503.C2FTBACXX.s_2	SLX-7239.D712_D503.C2FTBACXX.2	C2FTBACXX	Veh	TH-105	TH-105 V
SLX-7239.D712_D503.C2FTBACXX.s_3	SLX-7239.D712_D503.C2FTBACXX.3	C2FTBACXX	Veh	TH-105	TH-105 V
SLX-7239.D712_D503.C2FTBACXX.s_4	SLX-7239.D712_D503.C2FTBACXX.4	C2FTBACXX	Veh	TH-105	TH-105 V
SLX-7239.D712_D503.C2FUJACXX.s_5	SLX-7239.D712_D503.C2FUJACXX.5	C2FUJACXX	Veh	TH-105	TH-105 V
SLX-7239.D712_D503.C2FUJACXX.s_6	SLX-7239.D712_D503.C2FUJACXX.6	C2FUJACXX	Veh	TH-105	TH-105 V
SLX-7239.D712_D503.C2FUJACXX.s_7	SLX-7239.D712_D503.C2FUJACXX.7	C2FUJACXX	Veh	TH-105	TH-105 V
SLX-7239.D712_D503.C2FUJACXX.s_8	SLX-7239.D712_D503.C2FUJACXX.8	C2FUJACXX	Veh	TH-105	TH-105 V
