name	patient	sample	flowcell_id	treat	Tumor	desc
SLX-7239.D705_D507.C2FTBACXX.1	TH-3	SLX-7239.D705_D507.C2FTBACXX.s_1	C2FTBACXX	Veh	TRUE	TH-3 Veh
SLX-7239.D705_D507.C2FTBACXX.2	TH-3	SLX-7239.D705_D507.C2FTBACXX.s_2	C2FTBACXX	Veh	TRUE	TH-3 Veh
SLX-7239.D705_D507.C2FTBACXX.3	TH-3	SLX-7239.D705_D507.C2FTBACXX.s_3	C2FTBACXX	Veh	TRUE	TH-3 Veh
SLX-7239.D705_D507.C2FTBACXX.4	TH-3	SLX-7239.D705_D507.C2FTBACXX.s_4	C2FTBACXX	Veh	TRUE	TH-3 Veh
SLX-7239.D705_D507.C2FUJACXX.5	TH-3	SLX-7239.D705_D507.C2FUJACXX.s_5	C2FUJACXX	Veh	TRUE	TH-3 Veh
SLX-7239.D705_D507.C2FUJACXX.6	TH-3	SLX-7239.D705_D507.C2FUJACXX.s_6	C2FUJACXX	Veh	TRUE	TH-3 Veh
SLX-7239.D705_D507.C2FUJACXX.7	TH-3	SLX-7239.D705_D507.C2FUJACXX.s_7	C2FUJACXX	Veh	TRUE	TH-3 Veh
SLX-7239.D705_D507.C2FUJACXX.8	TH-3	SLX-7239.D705_D507.C2FUJACXX.s_8	C2FUJACXX	Veh	TRUE	TH-3 Veh
SLX-7239.D703_D507.C2FTBACXX.1	TH-3	SLX-7239.D703_D507.C2FTBACXX.s_1	C2FTBACXX	E2	TRUE	TH-3 E2
SLX-7239.D703_D507.C2FTBACXX.2	TH-3	SLX-7239.D703_D507.C2FTBACXX.s_2	C2FTBACXX	E2	TRUE	TH-3 E2
SLX-7239.D703_D507.C2FTBACXX.3	TH-3	SLX-7239.D703_D507.C2FTBACXX.s_3	C2FTBACXX	E2	TRUE	TH-3 E2
SLX-7239.D703_D507.C2FTBACXX.4	TH-3	SLX-7239.D703_D507.C2FTBACXX.s_4	C2FTBACXX	E2	TRUE	TH-3 E2
SLX-7239.D703_D507.C2FUJACXX.5	TH-3	SLX-7239.D703_D507.C2FUJACXX.s_5	C2FUJACXX	E2	TRUE	TH-3 E2
SLX-7239.D703_D507.C2FUJACXX.6	TH-3	SLX-7239.D703_D507.C2FUJACXX.s_6	C2FUJACXX	E2	TRUE	TH-3 E2
SLX-7239.D703_D507.C2FUJACXX.7	TH-3	SLX-7239.D703_D507.C2FUJACXX.s_7	C2FUJACXX	E2	TRUE	TH-3 E2
SLX-7239.D703_D507.C2FUJACXX.8	TH-3	SLX-7239.D703_D507.C2FUJACXX.s_8	C2FUJACXX	E2	TRUE	TH-3 E2
SLX-7239.D701_D508.C2FTBACXX.1	TH-5	SLX-7239.D701_D508.C2FTBACXX.s_1	C2FTBACXX	DHT	TRUE	TH-5 DHT
SLX-7239.D701_D508.C2FTBACXX.2	TH-5	SLX-7239.D701_D508.C2FTBACXX.s_2	C2FTBACXX	DHT	TRUE	TH-5 DHT
SLX-7239.D701_D508.C2FTBACXX.3	TH-5	SLX-7239.D701_D508.C2FTBACXX.s_3	C2FTBACXX	DHT	TRUE	TH-5 DHT
SLX-7239.D701_D508.C2FTBACXX.4	TH-5	SLX-7239.D701_D508.C2FTBACXX.s_4	C2FTBACXX	DHT	TRUE	TH-5 DHT
SLX-7239.D701_D508.C2FUJACXX.5	TH-5	SLX-7239.D701_D508.C2FUJACXX.s_5	C2FUJACXX	DHT	TRUE	TH-5 DHT
SLX-7239.D701_D508.C2FUJACXX.6	TH-5	SLX-7239.D701_D508.C2FUJACXX.s_6	C2FUJACXX	DHT	TRUE	TH-5 DHT
SLX-7239.D701_D508.C2FUJACXX.7	TH-5	SLX-7239.D701_D508.C2FUJACXX.s_7	C2FUJACXX	DHT	TRUE	TH-5 DHT
SLX-7239.D701_D508.C2FUJACXX.8	TH-5	SLX-7239.D701_D508.C2FUJACXX.s_8	C2FUJACXX	DHT	TRUE	TH-5 DHT
SLX-7239.D709_D506.C2FTBACXX.1	TH-5	SLX-7239.D709_D506.C2FTBACXX.s_1	C2FTBACXX	E2+DHT	TRUE	TH-5 E2+DHT
SLX-7239.D709_D506.C2FTBACXX.2	TH-5	SLX-7239.D709_D506.C2FTBACXX.s_2	C2FTBACXX	E2+DHT	TRUE	TH-5 E2+DHT
SLX-7239.D709_D506.C2FTBACXX.3	TH-5	SLX-7239.D709_D506.C2FTBACXX.s_3	C2FTBACXX	E2+DHT	TRUE	TH-5 E2+DHT
SLX-7239.D709_D506.C2FTBACXX.4	TH-5	SLX-7239.D709_D506.C2FTBACXX.s_4	C2FTBACXX	E2+DHT	TRUE	TH-5 E2+DHT
SLX-7239.D709_D506.C2FUJACXX.5	TH-5	SLX-7239.D709_D506.C2FUJACXX.s_5	C2FUJACXX	E2+DHT	TRUE	TH-5 E2+DHT
SLX-7239.D709_D506.C2FUJACXX.6	TH-5	SLX-7239.D709_D506.C2FUJACXX.s_6	C2FUJACXX	E2+DHT	TRUE	TH-5 E2+DHT
SLX-7239.D709_D506.C2FUJACXX.7	TH-5	SLX-7239.D709_D506.C2FUJACXX.s_7	C2FUJACXX	E2+DHT	TRUE	TH-5 E2+DHT
SLX-7239.D709_D506.C2FUJACXX.8	TH-5	SLX-7239.D709_D506.C2FUJACXX.s_8	C2FUJACXX	E2+DHT	TRUE	TH-5 E2+DHT
SLX-7239.D702_D502.C2FTBACXX.1	TH-3	SLX-7239.D702_D502.C2FTBACXX.s_1	C2FTBACXX	DHT	TRUE	TH-3 DHT
SLX-7239.D702_D502.C2FTBACXX.2	TH-3	SLX-7239.D702_D502.C2FTBACXX.s_2	C2FTBACXX	DHT	TRUE	TH-3 DHT
SLX-7239.D702_D502.C2FTBACXX.3	TH-3	SLX-7239.D702_D502.C2FTBACXX.s_3	C2FTBACXX	DHT	TRUE	TH-3 DHT
SLX-7239.D702_D502.C2FTBACXX.4	TH-3	SLX-7239.D702_D502.C2FTBACXX.s_4	C2FTBACXX	DHT	TRUE	TH-3 DHT
SLX-7239.D702_D502.C2FUJACXX.5	TH-3	SLX-7239.D702_D502.C2FUJACXX.s_5	C2FUJACXX	DHT	TRUE	TH-3 DHT
SLX-7239.D702_D502.C2FUJACXX.6	TH-3	SLX-7239.D702_D502.C2FUJACXX.s_6	C2FUJACXX	DHT	TRUE	TH-3 DHT
SLX-7239.D702_D502.C2FUJACXX.7	TH-3	SLX-7239.D702_D502.C2FUJACXX.s_7	C2FUJACXX	DHT	TRUE	TH-3 DHT
SLX-7239.D702_D502.C2FUJACXX.8	TH-3	SLX-7239.D702_D502.C2FUJACXX.s_8	C2FUJACXX	DHT	TRUE	TH-3 DHT
SLX-7239.D708_D505.C2FTBACXX.1	TH-3	SLX-7239.D708_D505.C2FTBACXX.s_1	C2FTBACXX	E2+DHT	TRUE	TH-3 E2+DHT
SLX-7239.D708_D505.C2FTBACXX.2	TH-3	SLX-7239.D708_D505.C2FTBACXX.s_2	C2FTBACXX	E2+DHT	TRUE	TH-3 E2+DHT
SLX-7239.D708_D505.C2FTBACXX.3	TH-3	SLX-7239.D708_D505.C2FTBACXX.s_3	C2FTBACXX	E2+DHT	TRUE	TH-3 E2+DHT
SLX-7239.D708_D505.C2FTBACXX.4	TH-3	SLX-7239.D708_D505.C2FTBACXX.s_4	C2FTBACXX	E2+DHT	TRUE	TH-3 E2+DHT
SLX-7239.D708_D505.C2FUJACXX.5	TH-3	SLX-7239.D708_D505.C2FUJACXX.s_5	C2FUJACXX	E2+DHT	TRUE	TH-3 E2+DHT
SLX-7239.D708_D505.C2FUJACXX.6	TH-3	SLX-7239.D708_D505.C2FUJACXX.s_6	C2FUJACXX	E2+DHT	TRUE	TH-3 E2+DHT
SLX-7239.D708_D505.C2FUJACXX.7	TH-3	SLX-7239.D708_D505.C2FUJACXX.s_7	C2FUJACXX	E2+DHT	TRUE	TH-3 E2+DHT
SLX-7239.D708_D505.C2FUJACXX.8	TH-3	SLX-7239.D708_D505.C2FUJACXX.s_8	C2FUJACXX	E2+DHT	TRUE	TH-3 E2+DHT
SLX-7239.D701_D505.C2FTBACXX.1	TH-5	SLX-7239.D701_D505.C2FTBACXX.s_1	C2FTBACXX	Veh	TRUE	TH-5 Veh
SLX-7239.D701_D505.C2FTBACXX.2	TH-5	SLX-7239.D701_D505.C2FTBACXX.s_2	C2FTBACXX	Veh	TRUE	TH-5 Veh
SLX-7239.D701_D505.C2FTBACXX.3	TH-5	SLX-7239.D701_D505.C2FTBACXX.s_3	C2FTBACXX	Veh	TRUE	TH-5 Veh
SLX-7239.D701_D505.C2FTBACXX.4	TH-5	SLX-7239.D701_D505.C2FTBACXX.s_4	C2FTBACXX	Veh	TRUE	TH-5 Veh
SLX-7239.D701_D505.C2FUJACXX.5	TH-5	SLX-7239.D701_D505.C2FUJACXX.s_5	C2FUJACXX	Veh	TRUE	TH-5 Veh
SLX-7239.D701_D505.C2FUJACXX.6	TH-5	SLX-7239.D701_D505.C2FUJACXX.s_6	C2FUJACXX	Veh	TRUE	TH-5 Veh
SLX-7239.D701_D505.C2FUJACXX.7	TH-5	SLX-7239.D701_D505.C2FUJACXX.s_7	C2FUJACXX	Veh	TRUE	TH-5 Veh
SLX-7239.D701_D505.C2FUJACXX.8	TH-5	SLX-7239.D701_D505.C2FUJACXX.s_8	C2FUJACXX	Veh	TRUE	TH-5 Veh
SLX-7239.D701_D501.C2FTBACXX.1	TH-5	SLX-7239.D701_D501.C2FTBACXX.s_1	C2FTBACXX	E2	TRUE	TH-5 E2
SLX-7239.D701_D501.C2FTBACXX.2	TH-5	SLX-7239.D701_D501.C2FTBACXX.s_2	C2FTBACXX	E2	TRUE	TH-5 E2
SLX-7239.D701_D501.C2FTBACXX.3	TH-5	SLX-7239.D701_D501.C2FTBACXX.s_3	C2FTBACXX	E2	TRUE	TH-5 E2
SLX-7239.D701_D501.C2FTBACXX.4	TH-5	SLX-7239.D701_D501.C2FTBACXX.s_4	C2FTBACXX	E2	TRUE	TH-5 E2
SLX-7239.D701_D501.C2FUJACXX.5	TH-5	SLX-7239.D701_D501.C2FUJACXX.s_5	C2FUJACXX	E2	TRUE	TH-5 E2
SLX-7239.D701_D501.C2FUJACXX.6	TH-5	SLX-7239.D701_D501.C2FUJACXX.s_6	C2FUJACXX	E2	TRUE	TH-5 E2
SLX-7239.D701_D501.C2FUJACXX.7	TH-5	SLX-7239.D701_D501.C2FUJACXX.s_7	C2FUJACXX	E2	TRUE	TH-5 E2
SLX-7239.D701_D501.C2FUJACXX.8	TH-5	SLX-7239.D701_D501.C2FUJACXX.s_8	C2FUJACXX	E2	TRUE	TH-5 E2
SLX-7489.D711_D505.C2FTBACXX.5	TH-7	SLX-7489.D711_D505.C2FTBACXX.s_5	C2FTBACXX	Veh	TRUE	TH-7 Veh
SLX-7489.D711_D505.C2FTBACXX.6	TH-7	SLX-7489.D711_D505.C2FTBACXX.s_6	C2FTBACXX	Veh	TRUE	TH-7 Veh
SLX-7489.D711_D505.C2FTBACXX.7	TH-7	SLX-7489.D711_D505.C2FTBACXX.s_7	C2FTBACXX	Veh	TRUE	TH-7 Veh
SLX-7489.D711_D505.C2FTBACXX.8	TH-7	SLX-7489.D711_D505.C2FTBACXX.s_8	C2FTBACXX	Veh	TRUE	TH-7 Veh
SLX-7489.D711_D505.C2FUJACXX.1	TH-7	SLX-7489.D711_D505.C2FUJACXX.s_1	C2FUJACXX	Veh	TRUE	TH-7 Veh
SLX-7489.D711_D505.C2FUJACXX.2	TH-7	SLX-7489.D711_D505.C2FUJACXX.s_2	C2FUJACXX	Veh	TRUE	TH-7 Veh
SLX-7489.D711_D505.C2FUJACXX.3	TH-7	SLX-7489.D711_D505.C2FUJACXX.s_3	C2FUJACXX	Veh	TRUE	TH-7 Veh
SLX-7489.D711_D505.C2FUJACXX.4	TH-7	SLX-7489.D711_D505.C2FUJACXX.s_4	C2FUJACXX	Veh	TRUE	TH-7 Veh
SLX-7489.D710_D505.C2FTBACXX.5	TH-7	SLX-7489.D710_D505.C2FTBACXX.s_5	C2FTBACXX	E2+DHT	TRUE	TH-7 E2+DHT
SLX-7489.D710_D505.C2FTBACXX.6	TH-7	SLX-7489.D710_D505.C2FTBACXX.s_6	C2FTBACXX	E2+DHT	TRUE	TH-7 E2+DHT
SLX-7489.D710_D505.C2FTBACXX.7	TH-7	SLX-7489.D710_D505.C2FTBACXX.s_7	C2FTBACXX	E2+DHT	TRUE	TH-7 E2+DHT
SLX-7489.D710_D505.C2FTBACXX.8	TH-7	SLX-7489.D710_D505.C2FTBACXX.s_8	C2FTBACXX	E2+DHT	TRUE	TH-7 E2+DHT
SLX-7489.D710_D505.C2FUJACXX.1	TH-7	SLX-7489.D710_D505.C2FUJACXX.s_1	C2FUJACXX	E2+DHT	TRUE	TH-7 E2+DHT
SLX-7489.D710_D505.C2FUJACXX.2	TH-7	SLX-7489.D710_D505.C2FUJACXX.s_2	C2FUJACXX	E2+DHT	TRUE	TH-7 E2+DHT
SLX-7489.D710_D505.C2FUJACXX.3	TH-7	SLX-7489.D710_D505.C2FUJACXX.s_3	C2FUJACXX	E2+DHT	TRUE	TH-7 E2+DHT
SLX-7489.D710_D505.C2FUJACXX.4	TH-7	SLX-7489.D710_D505.C2FUJACXX.s_4	C2FUJACXX	E2+DHT	TRUE	TH-7 E2+DHT
SLX-7489.D709_D505.C2FTBACXX.5	TH-1	SLX-7489.D709_D505.C2FTBACXX.s_5	C2FTBACXX	DHT	TRUE	TH-1 DHT
SLX-7489.D709_D505.C2FTBACXX.6	TH-1	SLX-7489.D709_D505.C2FTBACXX.s_6	C2FTBACXX	DHT	TRUE	TH-1 DHT
SLX-7489.D709_D505.C2FTBACXX.7	TH-1	SLX-7489.D709_D505.C2FTBACXX.s_7	C2FTBACXX	DHT	TRUE	TH-1 DHT
SLX-7489.D709_D505.C2FTBACXX.8	TH-1	SLX-7489.D709_D505.C2FTBACXX.s_8	C2FTBACXX	DHT	TRUE	TH-1 DHT
SLX-7489.D709_D505.C2FUJACXX.1	TH-1	SLX-7489.D709_D505.C2FUJACXX.s_1	C2FUJACXX	DHT	TRUE	TH-1 DHT
SLX-7489.D709_D505.C2FUJACXX.2	TH-1	SLX-7489.D709_D505.C2FUJACXX.s_2	C2FUJACXX	DHT	TRUE	TH-1 DHT
SLX-7489.D709_D505.C2FUJACXX.3	TH-1	SLX-7489.D709_D505.C2FUJACXX.s_3	C2FUJACXX	DHT	TRUE	TH-1 DHT
SLX-7489.D709_D505.C2FUJACXX.4	TH-1	SLX-7489.D709_D505.C2FUJACXX.s_4	C2FUJACXX	DHT	TRUE	TH-1 DHT
SLX-7489.D710_D508.C2FTBACXX.5	TH-1	SLX-7489.D710_D508.C2FTBACXX.s_5	C2FTBACXX	E2	TRUE	TH-1 E2
SLX-7489.D710_D508.C2FTBACXX.6	TH-1	SLX-7489.D710_D508.C2FTBACXX.s_6	C2FTBACXX	E2	TRUE	TH-1 E2
SLX-7489.D710_D508.C2FTBACXX.7	TH-1	SLX-7489.D710_D508.C2FTBACXX.s_7	C2FTBACXX	E2	TRUE	TH-1 E2
SLX-7489.D710_D508.C2FTBACXX.8	TH-1	SLX-7489.D710_D508.C2FTBACXX.s_8	C2FTBACXX	E2	TRUE	TH-1 E2
SLX-7489.D710_D508.C2FUJACXX.1	TH-1	SLX-7489.D710_D508.C2FUJACXX.s_1	C2FUJACXX	E2	TRUE	TH-1 E2
SLX-7489.D710_D508.C2FUJACXX.2	TH-1	SLX-7489.D710_D508.C2FUJACXX.s_2	C2FUJACXX	E2	TRUE	TH-1 E2
SLX-7489.D710_D508.C2FUJACXX.3	TH-1	SLX-7489.D710_D508.C2FUJACXX.s_3	C2FUJACXX	E2	TRUE	TH-1 E2
SLX-7489.D710_D508.C2FUJACXX.4	TH-1	SLX-7489.D710_D508.C2FUJACXX.s_4	C2FUJACXX	E2	TRUE	TH-1 E2
SLX-7489.D701_D501.C2FTBACXX.5	TH-4	SLX-7489.D701_D501.C2FTBACXX.s_5	C2FTBACXX	E2	TRUE	TH-4 E2
SLX-7489.D701_D501.C2FTBACXX.6	TH-4	SLX-7489.D701_D501.C2FTBACXX.s_6	C2FTBACXX	E2	TRUE	TH-4 E2
SLX-7489.D701_D501.C2FTBACXX.7	TH-4	SLX-7489.D701_D501.C2FTBACXX.s_7	C2FTBACXX	E2	TRUE	TH-4 E2
SLX-7489.D701_D501.C2FTBACXX.8	TH-4	SLX-7489.D701_D501.C2FTBACXX.s_8	C2FTBACXX	E2	TRUE	TH-4 E2
SLX-7489.D701_D501.C2FUJACXX.1	TH-4	SLX-7489.D701_D501.C2FUJACXX.s_1	C2FUJACXX	E2	TRUE	TH-4 E2
SLX-7489.D701_D501.C2FUJACXX.2	TH-4	SLX-7489.D701_D501.C2FUJACXX.s_2	C2FUJACXX	E2	TRUE	TH-4 E2
SLX-7489.D701_D501.C2FUJACXX.3	TH-4	SLX-7489.D701_D501.C2FUJACXX.s_3	C2FUJACXX	E2	TRUE	TH-4 E2
SLX-7489.D701_D501.C2FUJACXX.4	TH-4	SLX-7489.D701_D501.C2FUJACXX.s_4	C2FUJACXX	E2	TRUE	TH-4 E2
SLX-7489.D705_D501.C2FTBACXX.5	TH-6	SLX-7489.D705_D501.C2FTBACXX.s_5	C2FTBACXX	Veh	TRUE	TH-6 Veh
SLX-7489.D705_D501.C2FTBACXX.6	TH-6	SLX-7489.D705_D501.C2FTBACXX.s_6	C2FTBACXX	Veh	TRUE	TH-6 Veh
SLX-7489.D705_D501.C2FTBACXX.7	TH-6	SLX-7489.D705_D501.C2FTBACXX.s_7	C2FTBACXX	Veh	TRUE	TH-6 Veh
SLX-7489.D705_D501.C2FTBACXX.8	TH-6	SLX-7489.D705_D501.C2FTBACXX.s_8	C2FTBACXX	Veh	TRUE	TH-6 Veh
SLX-7489.D705_D501.C2FUJACXX.1	TH-6	SLX-7489.D705_D501.C2FUJACXX.s_1	C2FUJACXX	Veh	TRUE	TH-6 Veh
SLX-7489.D705_D501.C2FUJACXX.2	TH-6	SLX-7489.D705_D501.C2FUJACXX.s_2	C2FUJACXX	Veh	TRUE	TH-6 Veh
SLX-7489.D705_D501.C2FUJACXX.3	TH-6	SLX-7489.D705_D501.C2FUJACXX.s_3	C2FUJACXX	Veh	TRUE	TH-6 Veh
SLX-7489.D705_D501.C2FUJACXX.4	TH-6	SLX-7489.D705_D501.C2FUJACXX.s_4	C2FUJACXX	Veh	TRUE	TH-6 Veh
SLX-7489.D706_D501.C2FTBACXX.5	TH-2	SLX-7489.D706_D501.C2FTBACXX.s_5	C2FTBACXX	Veh	TRUE	TH-2 Veh
SLX-7489.D706_D501.C2FTBACXX.6	TH-2	SLX-7489.D706_D501.C2FTBACXX.s_6	C2FTBACXX	Veh	TRUE	TH-2 Veh
SLX-7489.D706_D501.C2FTBACXX.7	TH-2	SLX-7489.D706_D501.C2FTBACXX.s_7	C2FTBACXX	Veh	TRUE	TH-2 Veh
SLX-7489.D706_D501.C2FTBACXX.8	TH-2	SLX-7489.D706_D501.C2FTBACXX.s_8	C2FTBACXX	Veh	TRUE	TH-2 Veh
SLX-7489.D706_D501.C2FUJACXX.1	TH-2	SLX-7489.D706_D501.C2FUJACXX.s_1	C2FUJACXX	Veh	TRUE	TH-2 Veh
SLX-7489.D706_D501.C2FUJACXX.2	TH-2	SLX-7489.D706_D501.C2FUJACXX.s_2	C2FUJACXX	Veh	TRUE	TH-2 Veh
SLX-7489.D706_D501.C2FUJACXX.3	TH-2	SLX-7489.D706_D501.C2FUJACXX.s_3	C2FUJACXX	Veh	TRUE	TH-2 Veh
SLX-7489.D706_D501.C2FUJACXX.4	TH-2	SLX-7489.D706_D501.C2FUJACXX.s_4	C2FUJACXX	Veh	TRUE	TH-2 Veh
SLX-7489.D709_D504.C2FTBACXX.5	TH-6	SLX-7489.D709_D504.C2FTBACXX.s_5	C2FTBACXX	DHT	TRUE	TH-6 DHT
SLX-7489.D709_D504.C2FTBACXX.6	TH-6	SLX-7489.D709_D504.C2FTBACXX.s_6	C2FTBACXX	DHT	TRUE	TH-6 DHT
SLX-7489.D709_D504.C2FTBACXX.7	TH-6	SLX-7489.D709_D504.C2FTBACXX.s_7	C2FTBACXX	DHT	TRUE	TH-6 DHT
SLX-7489.D709_D504.C2FTBACXX.8	TH-6	SLX-7489.D709_D504.C2FTBACXX.s_8	C2FTBACXX	DHT	TRUE	TH-6 DHT
SLX-7489.D709_D504.C2FUJACXX.1	TH-6	SLX-7489.D709_D504.C2FUJACXX.s_1	C2FUJACXX	DHT	TRUE	TH-6 DHT
SLX-7489.D709_D504.C2FUJACXX.2	TH-6	SLX-7489.D709_D504.C2FUJACXX.s_2	C2FUJACXX	DHT	TRUE	TH-6 DHT
SLX-7489.D709_D504.C2FUJACXX.3	TH-6	SLX-7489.D709_D504.C2FUJACXX.s_3	C2FUJACXX	DHT	TRUE	TH-6 DHT
SLX-7489.D709_D504.C2FUJACXX.4	TH-6	SLX-7489.D709_D504.C2FUJACXX.s_4	C2FUJACXX	DHT	TRUE	TH-6 DHT
SLX-7489.D707_D501.C2FTBACXX.5	TH-6	SLX-7489.D707_D501.C2FTBACXX.s_5	C2FTBACXX	E2+DHT	TRUE	TH-6 E2+DHT
SLX-7489.D707_D501.C2FTBACXX.6	TH-6	SLX-7489.D707_D501.C2FTBACXX.s_6	C2FTBACXX	E2+DHT	TRUE	TH-6 E2+DHT
SLX-7489.D707_D501.C2FTBACXX.7	TH-6	SLX-7489.D707_D501.C2FTBACXX.s_7	C2FTBACXX	E2+DHT	TRUE	TH-6 E2+DHT
SLX-7489.D707_D501.C2FTBACXX.8	TH-6	SLX-7489.D707_D501.C2FTBACXX.s_8	C2FTBACXX	E2+DHT	TRUE	TH-6 E2+DHT
SLX-7489.D707_D501.C2FUJACXX.1	TH-6	SLX-7489.D707_D501.C2FUJACXX.s_1	C2FUJACXX	E2+DHT	TRUE	TH-6 E2+DHT
SLX-7489.D707_D501.C2FUJACXX.2	TH-6	SLX-7489.D707_D501.C2FUJACXX.s_2	C2FUJACXX	E2+DHT	TRUE	TH-6 E2+DHT
SLX-7489.D707_D501.C2FUJACXX.3	TH-6	SLX-7489.D707_D501.C2FUJACXX.s_3	C2FUJACXX	E2+DHT	TRUE	TH-6 E2+DHT
SLX-7489.D707_D501.C2FUJACXX.4	TH-6	SLX-7489.D707_D501.C2FUJACXX.s_4	C2FUJACXX	E2+DHT	TRUE	TH-6 E2+DHT
SLX-7489.D710_D507.C2FTBACXX.5	TH-1	SLX-7489.D710_D507.C2FTBACXX.s_5	C2FTBACXX	E2+DHT	TRUE	TH-1 E2+DHT
SLX-7489.D710_D507.C2FTBACXX.6	TH-1	SLX-7489.D710_D507.C2FTBACXX.s_6	C2FTBACXX	E2+DHT	TRUE	TH-1 E2+DHT
SLX-7489.D710_D507.C2FTBACXX.7	TH-1	SLX-7489.D710_D507.C2FTBACXX.s_7	C2FTBACXX	E2+DHT	TRUE	TH-1 E2+DHT
SLX-7489.D710_D507.C2FTBACXX.8	TH-1	SLX-7489.D710_D507.C2FTBACXX.s_8	C2FTBACXX	E2+DHT	TRUE	TH-1 E2+DHT
SLX-7489.D710_D507.C2FUJACXX.1	TH-1	SLX-7489.D710_D507.C2FUJACXX.s_1	C2FUJACXX	E2+DHT	TRUE	TH-1 E2+DHT
SLX-7489.D710_D507.C2FUJACXX.2	TH-1	SLX-7489.D710_D507.C2FUJACXX.s_2	C2FUJACXX	E2+DHT	TRUE	TH-1 E2+DHT
SLX-7489.D710_D507.C2FUJACXX.3	TH-1	SLX-7489.D710_D507.C2FUJACXX.s_3	C2FUJACXX	E2+DHT	TRUE	TH-1 E2+DHT
SLX-7489.D710_D507.C2FUJACXX.4	TH-1	SLX-7489.D710_D507.C2FUJACXX.s_4	C2FUJACXX	E2+DHT	TRUE	TH-1 E2+DHT
SLX-7489.D706_D504.C2FTBACXX.5	TH-2	SLX-7489.D706_D504.C2FTBACXX.s_5	C2FTBACXX	E2+DHT	TRUE	TH-2 E2+DHT
SLX-7489.D706_D504.C2FTBACXX.6	TH-2	SLX-7489.D706_D504.C2FTBACXX.s_6	C2FTBACXX	E2+DHT	TRUE	TH-2 E2+DHT
SLX-7489.D706_D504.C2FTBACXX.7	TH-2	SLX-7489.D706_D504.C2FTBACXX.s_7	C2FTBACXX	E2+DHT	TRUE	TH-2 E2+DHT
SLX-7489.D706_D504.C2FTBACXX.8	TH-2	SLX-7489.D706_D504.C2FTBACXX.s_8	C2FTBACXX	E2+DHT	TRUE	TH-2 E2+DHT
SLX-7489.D706_D504.C2FUJACXX.1	TH-2	SLX-7489.D706_D504.C2FUJACXX.s_1	C2FUJACXX	E2+DHT	TRUE	TH-2 E2+DHT
SLX-7489.D706_D504.C2FUJACXX.2	TH-2	SLX-7489.D706_D504.C2FUJACXX.s_2	C2FUJACXX	E2+DHT	TRUE	TH-2 E2+DHT
SLX-7489.D706_D504.C2FUJACXX.3	TH-2	SLX-7489.D706_D504.C2FUJACXX.s_3	C2FUJACXX	E2+DHT	TRUE	TH-2 E2+DHT
SLX-7489.D706_D504.C2FUJACXX.4	TH-2	SLX-7489.D706_D504.C2FUJACXX.s_4	C2FUJACXX	E2+DHT	TRUE	TH-2 E2+DHT
SLX-7489.D705_D504.C2FTBACXX.5	TH-4	SLX-7489.D705_D504.C2FTBACXX.s_5	C2FTBACXX	E2+DHT	TRUE	TH-4 E2+DHT
SLX-7489.D705_D504.C2FTBACXX.6	TH-4	SLX-7489.D705_D504.C2FTBACXX.s_6	C2FTBACXX	E2+DHT	TRUE	TH-4 E2+DHT
SLX-7489.D705_D504.C2FTBACXX.7	TH-4	SLX-7489.D705_D504.C2FTBACXX.s_7	C2FTBACXX	E2+DHT	TRUE	TH-4 E2+DHT
SLX-7489.D705_D504.C2FTBACXX.8	TH-4	SLX-7489.D705_D504.C2FTBACXX.s_8	C2FTBACXX	E2+DHT	TRUE	TH-4 E2+DHT
SLX-7489.D705_D504.C2FUJACXX.1	TH-4	SLX-7489.D705_D504.C2FUJACXX.s_1	C2FUJACXX	E2+DHT	TRUE	TH-4 E2+DHT
SLX-7489.D705_D504.C2FUJACXX.2	TH-4	SLX-7489.D705_D504.C2FUJACXX.s_2	C2FUJACXX	E2+DHT	TRUE	TH-4 E2+DHT
SLX-7489.D705_D504.C2FUJACXX.3	TH-4	SLX-7489.D705_D504.C2FUJACXX.s_3	C2FUJACXX	E2+DHT	TRUE	TH-4 E2+DHT
SLX-7489.D705_D504.C2FUJACXX.4	TH-4	SLX-7489.D705_D504.C2FUJACXX.s_4	C2FUJACXX	E2+DHT	TRUE	TH-4 E2+DHT
SLX-7489.D704_D504.C2FTBACXX.5	TH-2	SLX-7489.D704_D504.C2FTBACXX.s_5	C2FTBACXX	DHT	TRUE	TH-2 DHT
SLX-7489.D704_D504.C2FTBACXX.6	TH-2	SLX-7489.D704_D504.C2FTBACXX.s_6	C2FTBACXX	DHT	TRUE	TH-2 DHT
SLX-7489.D704_D504.C2FTBACXX.7	TH-2	SLX-7489.D704_D504.C2FTBACXX.s_7	C2FTBACXX	DHT	TRUE	TH-2 DHT
SLX-7489.D704_D504.C2FTBACXX.8	TH-2	SLX-7489.D704_D504.C2FTBACXX.s_8	C2FTBACXX	DHT	TRUE	TH-2 DHT
SLX-7489.D704_D504.C2FUJACXX.1	TH-2	SLX-7489.D704_D504.C2FUJACXX.s_1	C2FUJACXX	DHT	TRUE	TH-2 DHT
SLX-7489.D704_D504.C2FUJACXX.2	TH-2	SLX-7489.D704_D504.C2FUJACXX.s_2	C2FUJACXX	DHT	TRUE	TH-2 DHT
SLX-7489.D704_D504.C2FUJACXX.3	TH-2	SLX-7489.D704_D504.C2FUJACXX.s_3	C2FUJACXX	DHT	TRUE	TH-2 DHT
SLX-7489.D704_D504.C2FUJACXX.4	TH-2	SLX-7489.D704_D504.C2FUJACXX.s_4	C2FUJACXX	DHT	TRUE	TH-2 DHT
SLX-7489.D703_D508.C2FTBACXX.5	TH-6	SLX-7489.D703_D508.C2FTBACXX.s_5	C2FTBACXX	E2	TRUE	TH-6 E2
SLX-7489.D703_D508.C2FTBACXX.6	TH-6	SLX-7489.D703_D508.C2FTBACXX.s_6	C2FTBACXX	E2	TRUE	TH-6 E2
SLX-7489.D703_D508.C2FTBACXX.7	TH-6	SLX-7489.D703_D508.C2FTBACXX.s_7	C2FTBACXX	E2	TRUE	TH-6 E2
SLX-7489.D703_D508.C2FTBACXX.8	TH-6	SLX-7489.D703_D508.C2FTBACXX.s_8	C2FTBACXX	E2	TRUE	TH-6 E2
SLX-7489.D703_D508.C2FUJACXX.1	TH-6	SLX-7489.D703_D508.C2FUJACXX.s_1	C2FUJACXX	E2	TRUE	TH-6 E2
SLX-7489.D703_D508.C2FUJACXX.2	TH-6	SLX-7489.D703_D508.C2FUJACXX.s_2	C2FUJACXX	E2	TRUE	TH-6 E2
SLX-7489.D703_D508.C2FUJACXX.3	TH-6	SLX-7489.D703_D508.C2FUJACXX.s_3	C2FUJACXX	E2	TRUE	TH-6 E2
SLX-7489.D703_D508.C2FUJACXX.4	TH-6	SLX-7489.D703_D508.C2FUJACXX.s_4	C2FUJACXX	E2	TRUE	TH-6 E2
SLX-7489.D709_D503.C2FTBACXX.5	TH-1	SLX-7489.D709_D503.C2FTBACXX.s_5	C2FTBACXX	Veh	TRUE	TH-1 Veh
SLX-7489.D709_D503.C2FTBACXX.6	TH-1	SLX-7489.D709_D503.C2FTBACXX.s_6	C2FTBACXX	Veh	TRUE	TH-1 Veh
SLX-7489.D709_D503.C2FTBACXX.7	TH-1	SLX-7489.D709_D503.C2FTBACXX.s_7	C2FTBACXX	Veh	TRUE	TH-1 Veh
SLX-7489.D709_D503.C2FTBACXX.8	TH-1	SLX-7489.D709_D503.C2FTBACXX.s_8	C2FTBACXX	Veh	TRUE	TH-1 Veh
SLX-7489.D709_D503.C2FUJACXX.1	TH-1	SLX-7489.D709_D503.C2FUJACXX.s_1	C2FUJACXX	Veh	TRUE	TH-1 Veh
SLX-7489.D709_D503.C2FUJACXX.2	TH-1	SLX-7489.D709_D503.C2FUJACXX.s_2	C2FUJACXX	Veh	TRUE	TH-1 Veh
SLX-7489.D709_D503.C2FUJACXX.3	TH-1	SLX-7489.D709_D503.C2FUJACXX.s_3	C2FUJACXX	Veh	TRUE	TH-1 Veh
SLX-7489.D709_D503.C2FUJACXX.4	TH-1	SLX-7489.D709_D503.C2FUJACXX.s_4	C2FUJACXX	Veh	TRUE	TH-1 Veh
SLX-7489.D708_D503.C2FTBACXX.5	TH-4	SLX-7489.D708_D503.C2FTBACXX.s_5	C2FTBACXX	Veh	TRUE	TH-4 Veh
SLX-7489.D708_D503.C2FTBACXX.6	TH-4	SLX-7489.D708_D503.C2FTBACXX.s_6	C2FTBACXX	Veh	TRUE	TH-4 Veh
SLX-7489.D708_D503.C2FTBACXX.7	TH-4	SLX-7489.D708_D503.C2FTBACXX.s_7	C2FTBACXX	Veh	TRUE	TH-4 Veh
SLX-7489.D708_D503.C2FTBACXX.8	TH-4	SLX-7489.D708_D503.C2FTBACXX.s_8	C2FTBACXX	Veh	TRUE	TH-4 Veh
SLX-7489.D708_D503.C2FUJACXX.1	TH-4	SLX-7489.D708_D503.C2FUJACXX.s_1	C2FUJACXX	Veh	TRUE	TH-4 Veh
SLX-7489.D708_D503.C2FUJACXX.2	TH-4	SLX-7489.D708_D503.C2FUJACXX.s_2	C2FUJACXX	Veh	TRUE	TH-4 Veh
SLX-7489.D708_D503.C2FUJACXX.3	TH-4	SLX-7489.D708_D503.C2FUJACXX.s_3	C2FUJACXX	Veh	TRUE	TH-4 Veh
SLX-7489.D708_D503.C2FUJACXX.4	TH-4	SLX-7489.D708_D503.C2FUJACXX.s_4	C2FUJACXX	Veh	TRUE	TH-4 Veh
SLX-7489.D706_D507.C2FTBACXX.5	TH-7	SLX-7489.D706_D507.C2FTBACXX.s_5	C2FTBACXX	DHT	TRUE	TH-7 DHT
SLX-7489.D706_D507.C2FTBACXX.6	TH-7	SLX-7489.D706_D507.C2FTBACXX.s_6	C2FTBACXX	DHT	TRUE	TH-7 DHT
SLX-7489.D706_D507.C2FTBACXX.7	TH-7	SLX-7489.D706_D507.C2FTBACXX.s_7	C2FTBACXX	DHT	TRUE	TH-7 DHT
SLX-7489.D706_D507.C2FTBACXX.8	TH-7	SLX-7489.D706_D507.C2FTBACXX.s_8	C2FTBACXX	DHT	TRUE	TH-7 DHT
SLX-7489.D706_D507.C2FUJACXX.1	TH-7	SLX-7489.D706_D507.C2FUJACXX.s_1	C2FUJACXX	DHT	TRUE	TH-7 DHT
SLX-7489.D706_D507.C2FUJACXX.2	TH-7	SLX-7489.D706_D507.C2FUJACXX.s_2	C2FUJACXX	DHT	TRUE	TH-7 DHT
SLX-7489.D706_D507.C2FUJACXX.3	TH-7	SLX-7489.D706_D507.C2FUJACXX.s_3	C2FUJACXX	DHT	TRUE	TH-7 DHT
SLX-7489.D706_D507.C2FUJACXX.4	TH-7	SLX-7489.D706_D507.C2FUJACXX.s_4	C2FUJACXX	DHT	TRUE	TH-7 DHT
SLX-7489.D704_D507.C2FTBACXX.5	TH-4	SLX-7489.D704_D507.C2FTBACXX.s_5	C2FTBACXX	DHT	TRUE	TH-4 DHT
SLX-7489.D704_D507.C2FTBACXX.6	TH-4	SLX-7489.D704_D507.C2FTBACXX.s_6	C2FTBACXX	DHT	TRUE	TH-4 DHT
SLX-7489.D704_D507.C2FTBACXX.7	TH-4	SLX-7489.D704_D507.C2FTBACXX.s_7	C2FTBACXX	DHT	TRUE	TH-4 DHT
SLX-7489.D704_D507.C2FTBACXX.8	TH-4	SLX-7489.D704_D507.C2FTBACXX.s_8	C2FTBACXX	DHT	TRUE	TH-4 DHT
SLX-7489.D704_D507.C2FUJACXX.1	TH-4	SLX-7489.D704_D507.C2FUJACXX.s_1	C2FUJACXX	DHT	TRUE	TH-4 DHT
SLX-7489.D704_D507.C2FUJACXX.2	TH-4	SLX-7489.D704_D507.C2FUJACXX.s_2	C2FUJACXX	DHT	TRUE	TH-4 DHT
SLX-7489.D704_D507.C2FUJACXX.3	TH-4	SLX-7489.D704_D507.C2FUJACXX.s_3	C2FUJACXX	DHT	TRUE	TH-4 DHT
SLX-7489.D704_D507.C2FUJACXX.4	TH-4	SLX-7489.D704_D507.C2FUJACXX.s_4	C2FUJACXX	DHT	TRUE	TH-4 DHT
SLX-7489.D702_D507.C2FTBACXX.5	TH-2	SLX-7489.D702_D507.C2FTBACXX.s_5	C2FTBACXX	E2	TRUE	TH-2 E2
SLX-7489.D702_D507.C2FTBACXX.6	TH-2	SLX-7489.D702_D507.C2FTBACXX.s_6	C2FTBACXX	E2	TRUE	TH-2 E2
SLX-7489.D702_D507.C2FTBACXX.7	TH-2	SLX-7489.D702_D507.C2FTBACXX.s_7	C2FTBACXX	E2	TRUE	TH-2 E2
SLX-7489.D702_D507.C2FTBACXX.8	TH-2	SLX-7489.D702_D507.C2FTBACXX.s_8	C2FTBACXX	E2	TRUE	TH-2 E2
SLX-7489.D702_D507.C2FUJACXX.1	TH-2	SLX-7489.D702_D507.C2FUJACXX.s_1	C2FUJACXX	E2	TRUE	TH-2 E2
SLX-7489.D702_D507.C2FUJACXX.2	TH-2	SLX-7489.D702_D507.C2FUJACXX.s_2	C2FUJACXX	E2	TRUE	TH-2 E2
SLX-7489.D702_D507.C2FUJACXX.3	TH-2	SLX-7489.D702_D507.C2FUJACXX.s_3	C2FUJACXX	E2	TRUE	TH-2 E2
SLX-7489.D702_D507.C2FUJACXX.4	TH-2	SLX-7489.D702_D507.C2FUJACXX.s_4	C2FUJACXX	E2	TRUE	TH-2 E2
SLX-7489.D704_D503.C2FTBACXX.5	TH-7	SLX-7489.D704_D503.C2FTBACXX.s_5	C2FTBACXX	E2	TRUE	TH-7 E2
SLX-7489.D704_D503.C2FTBACXX.6	TH-7	SLX-7489.D704_D503.C2FTBACXX.s_6	C2FTBACXX	E2	TRUE	TH-7 E2
SLX-7489.D704_D503.C2FTBACXX.7	TH-7	SLX-7489.D704_D503.C2FTBACXX.s_7	C2FTBACXX	E2	TRUE	TH-7 E2
SLX-7489.D704_D503.C2FTBACXX.8	TH-7	SLX-7489.D704_D503.C2FTBACXX.s_8	C2FTBACXX	E2	TRUE	TH-7 E2
SLX-7489.D704_D503.C2FUJACXX.1	TH-7	SLX-7489.D704_D503.C2FUJACXX.s_1	C2FUJACXX	E2	TRUE	TH-7 E2
SLX-7489.D704_D503.C2FUJACXX.2	TH-7	SLX-7489.D704_D503.C2FUJACXX.s_2	C2FUJACXX	E2	TRUE	TH-7 E2
SLX-7489.D704_D503.C2FUJACXX.3	TH-7	SLX-7489.D704_D503.C2FUJACXX.s_3	C2FUJACXX	E2	TRUE	TH-7 E2
SLX-7489.D704_D503.C2FUJACXX.4	TH-7	SLX-7489.D704_D503.C2FUJACXX.s_4	C2FUJACXX	E2	TRUE	TH-7 E2
SLX-7489.D712_D501.C2FTBACXX.5	TH-8	SLX-7489.D712_D501.C2FTBACXX.s_5	C2FTBACXX	E2+DHT	TRUE	TH-8 E2+DHT
SLX-7489.D712_D501.C2FTBACXX.6	TH-8	SLX-7489.D712_D501.C2FTBACXX.s_6	C2FTBACXX	E2+DHT	TRUE	TH-8 E2+DHT
SLX-7489.D712_D501.C2FTBACXX.7	TH-8	SLX-7489.D712_D501.C2FTBACXX.s_7	C2FTBACXX	E2+DHT	TRUE	TH-8 E2+DHT
SLX-7489.D712_D501.C2FTBACXX.8	TH-8	SLX-7489.D712_D501.C2FTBACXX.s_8	C2FTBACXX	E2+DHT	TRUE	TH-8 E2+DHT
SLX-7489.D712_D501.C2FUJACXX.1	TH-8	SLX-7489.D712_D501.C2FUJACXX.s_1	C2FUJACXX	E2+DHT	TRUE	TH-8 E2+DHT
SLX-7489.D712_D501.C2FUJACXX.2	TH-8	SLX-7489.D712_D501.C2FUJACXX.s_2	C2FUJACXX	E2+DHT	TRUE	TH-8 E2+DHT
SLX-7489.D712_D501.C2FUJACXX.3	TH-8	SLX-7489.D712_D501.C2FUJACXX.s_3	C2FUJACXX	E2+DHT	TRUE	TH-8 E2+DHT
SLX-7489.D712_D501.C2FUJACXX.4	TH-8	SLX-7489.D712_D501.C2FUJACXX.s_4	C2FUJACXX	E2+DHT	TRUE	TH-8 E2+DHT
SLX-7489.D711_D507.C2FTBACXX.5	TH-8	SLX-7489.D711_D507.C2FTBACXX.s_5	C2FTBACXX	Veh	TRUE	TH-8 Veh
SLX-7489.D711_D507.C2FTBACXX.6	TH-8	SLX-7489.D711_D507.C2FTBACXX.s_6	C2FTBACXX	Veh	TRUE	TH-8 Veh
SLX-7489.D711_D507.C2FTBACXX.7	TH-8	SLX-7489.D711_D507.C2FTBACXX.s_7	C2FTBACXX	Veh	TRUE	TH-8 Veh
SLX-7489.D711_D507.C2FTBACXX.8	TH-8	SLX-7489.D711_D507.C2FTBACXX.s_8	C2FTBACXX	Veh	TRUE	TH-8 Veh
SLX-7489.D711_D507.C2FUJACXX.1	TH-8	SLX-7489.D711_D507.C2FUJACXX.s_1	C2FUJACXX	Veh	TRUE	TH-8 Veh
SLX-7489.D711_D507.C2FUJACXX.2	TH-8	SLX-7489.D711_D507.C2FUJACXX.s_2	C2FUJACXX	Veh	TRUE	TH-8 Veh
SLX-7489.D711_D507.C2FUJACXX.3	TH-8	SLX-7489.D711_D507.C2FUJACXX.s_3	C2FUJACXX	Veh	TRUE	TH-8 Veh
SLX-7489.D711_D507.C2FUJACXX.4	TH-8	SLX-7489.D711_D507.C2FUJACXX.s_4	C2FUJACXX	Veh	TRUE	TH-8 Veh
SLX-7239.D702_D508.C2FTBACXX.1	TH-8	SLX-7239.D702_D508.C2FTBACXX.s_1	C2FTBACXX	E2	TRUE	TH-8 E2
SLX-7239.D702_D508.C2FTBACXX.2	TH-8	SLX-7239.D702_D508.C2FTBACXX.s_2	C2FTBACXX	E2	TRUE	TH-8 E2
SLX-7239.D702_D508.C2FTBACXX.3	TH-8	SLX-7239.D702_D508.C2FTBACXX.s_3	C2FTBACXX	E2	TRUE	TH-8 E2
SLX-7239.D702_D508.C2FTBACXX.4	TH-8	SLX-7239.D702_D508.C2FTBACXX.s_4	C2FTBACXX	E2	TRUE	TH-8 E2
SLX-7239.D702_D508.C2FUJACXX.5	TH-8	SLX-7239.D702_D508.C2FUJACXX.s_5	C2FUJACXX	E2	TRUE	TH-8 E2
SLX-7239.D702_D508.C2FUJACXX.6	TH-8	SLX-7239.D702_D508.C2FUJACXX.s_6	C2FUJACXX	E2	TRUE	TH-8 E2
SLX-7239.D702_D508.C2FUJACXX.7	TH-8	SLX-7239.D702_D508.C2FUJACXX.s_7	C2FUJACXX	E2	TRUE	TH-8 E2
SLX-7239.D702_D508.C2FUJACXX.8	TH-8	SLX-7239.D702_D508.C2FUJACXX.s_8	C2FUJACXX	E2	TRUE	TH-8 E2
SLX-7239.D701_D502.C2FTBACXX.1	TH-102	SLX-7239.D701_D502.C2FTBACXX.s_1	C2FTBACXX	E2+DHT	FALSE	TH-102 ED
SLX-7239.D701_D502.C2FTBACXX.2	TH-102	SLX-7239.D701_D502.C2FTBACXX.s_2	C2FTBACXX	E2+DHT	FALSE	TH-102 ED
SLX-7239.D701_D502.C2FTBACXX.3	TH-102	SLX-7239.D701_D502.C2FTBACXX.s_3	C2FTBACXX	E2+DHT	FALSE	TH-102 ED
SLX-7239.D701_D502.C2FTBACXX.4	TH-102	SLX-7239.D701_D502.C2FTBACXX.s_4	C2FTBACXX	E2+DHT	FALSE	TH-102 ED
SLX-7239.D701_D502.C2FUJACXX.5	TH-102	SLX-7239.D701_D502.C2FUJACXX.s_5	C2FUJACXX	E2+DHT	FALSE	TH-102 ED
SLX-7239.D701_D502.C2FUJACXX.6	TH-102	SLX-7239.D701_D502.C2FUJACXX.s_6	C2FUJACXX	E2+DHT	FALSE	TH-102 ED
SLX-7239.D701_D502.C2FUJACXX.7	TH-102	SLX-7239.D701_D502.C2FUJACXX.s_7	C2FUJACXX	E2+DHT	FALSE	TH-102 ED
SLX-7239.D701_D502.C2FUJACXX.8	TH-102	SLX-7239.D701_D502.C2FUJACXX.s_8	C2FUJACXX	E2+DHT	FALSE	TH-102 ED
SLX-7239.D701_D504.C2FTBACXX.1	TH-85	SLX-7239.D701_D504.C2FTBACXX.s_1	C2FTBACXX	Veh	FALSE	TH-85 V
SLX-7239.D701_D504.C2FTBACXX.2	TH-85	SLX-7239.D701_D504.C2FTBACXX.s_2	C2FTBACXX	Veh	FALSE	TH-85 V
SLX-7239.D701_D504.C2FTBACXX.3	TH-85	SLX-7239.D701_D504.C2FTBACXX.s_3	C2FTBACXX	Veh	FALSE	TH-85 V
SLX-7239.D701_D504.C2FTBACXX.4	TH-85	SLX-7239.D701_D504.C2FTBACXX.s_4	C2FTBACXX	Veh	FALSE	TH-85 V
SLX-7239.D701_D504.C2FUJACXX.5	TH-85	SLX-7239.D701_D504.C2FUJACXX.s_5	C2FUJACXX	Veh	FALSE	TH-85 V
SLX-7239.D701_D504.C2FUJACXX.6	TH-85	SLX-7239.D701_D504.C2FUJACXX.s_6	C2FUJACXX	Veh	FALSE	TH-85 V
SLX-7239.D701_D504.C2FUJACXX.7	TH-85	SLX-7239.D701_D504.C2FUJACXX.s_7	C2FUJACXX	Veh	FALSE	TH-85 V
SLX-7239.D701_D504.C2FUJACXX.8	TH-85	SLX-7239.D701_D504.C2FUJACXX.s_8	C2FUJACXX	Veh	FALSE	TH-85 V
SLX-7239.D701_D506.C2FTBACXX.1	TH-85	SLX-7239.D701_D506.C2FTBACXX.s_1	C2FTBACXX	E2	FALSE	TH-85 E
SLX-7239.D701_D506.C2FTBACXX.2	TH-85	SLX-7239.D701_D506.C2FTBACXX.s_2	C2FTBACXX	E2	FALSE	TH-85 E
SLX-7239.D701_D506.C2FTBACXX.3	TH-85	SLX-7239.D701_D506.C2FTBACXX.s_3	C2FTBACXX	E2	FALSE	TH-85 E
SLX-7239.D701_D506.C2FTBACXX.4	TH-85	SLX-7239.D701_D506.C2FTBACXX.s_4	C2FTBACXX	E2	FALSE	TH-85 E
SLX-7239.D701_D506.C2FUJACXX.5	TH-85	SLX-7239.D701_D506.C2FUJACXX.s_5	C2FUJACXX	E2	FALSE	TH-85 E
SLX-7239.D701_D506.C2FUJACXX.6	TH-85	SLX-7239.D701_D506.C2FUJACXX.s_6	C2FUJACXX	E2	FALSE	TH-85 E
SLX-7239.D701_D506.C2FUJACXX.7	TH-85	SLX-7239.D701_D506.C2FUJACXX.s_7	C2FUJACXX	E2	FALSE	TH-85 E
SLX-7239.D701_D506.C2FUJACXX.8	TH-85	SLX-7239.D701_D506.C2FUJACXX.s_8	C2FUJACXX	E2	FALSE	TH-85 E
SLX-7239.D701_D507.C2FTBACXX.1	TH-89	SLX-7239.D701_D507.C2FTBACXX.s_1	C2FTBACXX	E2+DHT	FALSE	TH-89 ED
SLX-7239.D701_D507.C2FTBACXX.2	TH-89	SLX-7239.D701_D507.C2FTBACXX.s_2	C2FTBACXX	E2+DHT	FALSE	TH-89 ED
SLX-7239.D701_D507.C2FTBACXX.3	TH-89	SLX-7239.D701_D507.C2FTBACXX.s_3	C2FTBACXX	E2+DHT	FALSE	TH-89 ED
SLX-7239.D701_D507.C2FTBACXX.4	TH-89	SLX-7239.D701_D507.C2FTBACXX.s_4	C2FTBACXX	E2+DHT	FALSE	TH-89 ED
SLX-7239.D701_D507.C2FUJACXX.5	TH-89	SLX-7239.D701_D507.C2FUJACXX.s_5	C2FUJACXX	E2+DHT	FALSE	TH-89 ED
SLX-7239.D701_D507.C2FUJACXX.6	TH-89	SLX-7239.D701_D507.C2FUJACXX.s_6	C2FUJACXX	E2+DHT	FALSE	TH-89 ED
SLX-7239.D701_D507.C2FUJACXX.7	TH-89	SLX-7239.D701_D507.C2FUJACXX.s_7	C2FUJACXX	E2+DHT	FALSE	TH-89 ED
SLX-7239.D701_D507.C2FUJACXX.8	TH-89	SLX-7239.D701_D507.C2FUJACXX.s_8	C2FUJACXX	E2+DHT	FALSE	TH-89 ED
SLX-7239.D702_D503.C2FTBACXX.1	TH-83	SLX-7239.D702_D503.C2FTBACXX.s_1	C2FTBACXX	DHT	FALSE	TH-83 D
SLX-7239.D702_D503.C2FTBACXX.2	TH-83	SLX-7239.D702_D503.C2FTBACXX.s_2	C2FTBACXX	DHT	FALSE	TH-83 D
SLX-7239.D702_D503.C2FTBACXX.3	TH-83	SLX-7239.D702_D503.C2FTBACXX.s_3	C2FTBACXX	DHT	FALSE	TH-83 D
SLX-7239.D702_D503.C2FTBACXX.4	TH-83	SLX-7239.D702_D503.C2FTBACXX.s_4	C2FTBACXX	DHT	FALSE	TH-83 D
SLX-7239.D702_D503.C2FUJACXX.5	TH-83	SLX-7239.D702_D503.C2FUJACXX.s_5	C2FUJACXX	DHT	FALSE	TH-83 D
SLX-7239.D702_D503.C2FUJACXX.6	TH-83	SLX-7239.D702_D503.C2FUJACXX.s_6	C2FUJACXX	DHT	FALSE	TH-83 D
SLX-7239.D702_D503.C2FUJACXX.7	TH-83	SLX-7239.D702_D503.C2FUJACXX.s_7	C2FUJACXX	DHT	FALSE	TH-83 D
SLX-7239.D702_D503.C2FUJACXX.8	TH-83	SLX-7239.D702_D503.C2FUJACXX.s_8	C2FUJACXX	DHT	FALSE	TH-83 D
SLX-7239.D702_D504.C2FTBACXX.1	TH-102	SLX-7239.D702_D504.C2FTBACXX.s_1	C2FTBACXX	Veh	FALSE	TH-102 V
SLX-7239.D702_D504.C2FTBACXX.2	TH-102	SLX-7239.D702_D504.C2FTBACXX.s_2	C2FTBACXX	Veh	FALSE	TH-102 V
SLX-7239.D702_D504.C2FTBACXX.3	TH-102	SLX-7239.D702_D504.C2FTBACXX.s_3	C2FTBACXX	Veh	FALSE	TH-102 V
SLX-7239.D702_D504.C2FTBACXX.4	TH-102	SLX-7239.D702_D504.C2FTBACXX.s_4	C2FTBACXX	Veh	FALSE	TH-102 V
SLX-7239.D702_D504.C2FUJACXX.5	TH-102	SLX-7239.D702_D504.C2FUJACXX.s_5	C2FUJACXX	Veh	FALSE	TH-102 V
SLX-7239.D702_D504.C2FUJACXX.6	TH-102	SLX-7239.D702_D504.C2FUJACXX.s_6	C2FUJACXX	Veh	FALSE	TH-102 V
SLX-7239.D702_D504.C2FUJACXX.7	TH-102	SLX-7239.D702_D504.C2FUJACXX.s_7	C2FUJACXX	Veh	FALSE	TH-102 V
SLX-7239.D702_D504.C2FUJACXX.8	TH-102	SLX-7239.D702_D504.C2FUJACXX.s_8	C2FUJACXX	Veh	FALSE	TH-102 V
SLX-7239.D702_D505.C2FTBACXX.1	TH-87	SLX-7239.D702_D505.C2FTBACXX.s_1	C2FTBACXX	Veh	FALSE	TH-87 V
SLX-7239.D702_D505.C2FTBACXX.2	TH-87	SLX-7239.D702_D505.C2FTBACXX.s_2	C2FTBACXX	Veh	FALSE	TH-87 V
SLX-7239.D702_D505.C2FTBACXX.3	TH-87	SLX-7239.D702_D505.C2FTBACXX.s_3	C2FTBACXX	Veh	FALSE	TH-87 V
SLX-7239.D702_D505.C2FTBACXX.4	TH-87	SLX-7239.D702_D505.C2FTBACXX.s_4	C2FTBACXX	Veh	FALSE	TH-87 V
SLX-7239.D702_D505.C2FUJACXX.5	TH-87	SLX-7239.D702_D505.C2FUJACXX.s_5	C2FUJACXX	Veh	FALSE	TH-87 V
SLX-7239.D702_D505.C2FUJACXX.6	TH-87	SLX-7239.D702_D505.C2FUJACXX.s_6	C2FUJACXX	Veh	FALSE	TH-87 V
SLX-7239.D702_D505.C2FUJACXX.7	TH-87	SLX-7239.D702_D505.C2FUJACXX.s_7	C2FUJACXX	Veh	FALSE	TH-87 V
SLX-7239.D702_D505.C2FUJACXX.8	TH-87	SLX-7239.D702_D505.C2FUJACXX.s_8	C2FUJACXX	Veh	FALSE	TH-87 V
SLX-7239.D702_D506.C2FTBACXX.1	TH-106	SLX-7239.D702_D506.C2FTBACXX.s_1	C2FTBACXX	Veh	FALSE	TH-106 V
SLX-7239.D702_D506.C2FTBACXX.2	TH-106	SLX-7239.D702_D506.C2FTBACXX.s_2	C2FTBACXX	Veh	FALSE	TH-106 V
SLX-7239.D702_D506.C2FTBACXX.3	TH-106	SLX-7239.D702_D506.C2FTBACXX.s_3	C2FTBACXX	Veh	FALSE	TH-106 V
SLX-7239.D702_D506.C2FTBACXX.4	TH-106	SLX-7239.D702_D506.C2FTBACXX.s_4	C2FTBACXX	Veh	FALSE	TH-106 V
SLX-7239.D702_D506.C2FUJACXX.5	TH-106	SLX-7239.D702_D506.C2FUJACXX.s_5	C2FUJACXX	Veh	FALSE	TH-106 V
SLX-7239.D702_D506.C2FUJACXX.6	TH-106	SLX-7239.D702_D506.C2FUJACXX.s_6	C2FUJACXX	Veh	FALSE	TH-106 V
SLX-7239.D702_D506.C2FUJACXX.7	TH-106	SLX-7239.D702_D506.C2FUJACXX.s_7	C2FUJACXX	Veh	FALSE	TH-106 V
SLX-7239.D702_D506.C2FUJACXX.8	TH-106	SLX-7239.D702_D506.C2FUJACXX.s_8	C2FUJACXX	Veh	FALSE	TH-106 V
SLX-7239.D702_D507.C2FTBACXX.1	TH-104	SLX-7239.D702_D507.C2FTBACXX.s_1	C2FTBACXX	Veh	FALSE	TH-104 V
SLX-7239.D702_D507.C2FTBACXX.2	TH-104	SLX-7239.D702_D507.C2FTBACXX.s_2	C2FTBACXX	Veh	FALSE	TH-104 V
SLX-7239.D702_D507.C2FTBACXX.3	TH-104	SLX-7239.D702_D507.C2FTBACXX.s_3	C2FTBACXX	Veh	FALSE	TH-104 V
SLX-7239.D702_D507.C2FTBACXX.4	TH-104	SLX-7239.D702_D507.C2FTBACXX.s_4	C2FTBACXX	Veh	FALSE	TH-104 V
SLX-7239.D702_D507.C2FUJACXX.5	TH-104	SLX-7239.D702_D507.C2FUJACXX.s_5	C2FUJACXX	Veh	FALSE	TH-104 V
SLX-7239.D702_D507.C2FUJACXX.6	TH-104	SLX-7239.D702_D507.C2FUJACXX.s_6	C2FUJACXX	Veh	FALSE	TH-104 V
SLX-7239.D702_D507.C2FUJACXX.7	TH-104	SLX-7239.D702_D507.C2FUJACXX.s_7	C2FUJACXX	Veh	FALSE	TH-104 V
SLX-7239.D702_D507.C2FUJACXX.8	TH-104	SLX-7239.D702_D507.C2FUJACXX.s_8	C2FUJACXX	Veh	FALSE	TH-104 V
SLX-7239.D703_D501.C2FTBACXX.1	TH-101	SLX-7239.D703_D501.C2FTBACXX.s_1	C2FTBACXX	Veh	FALSE	TH-101 V*
SLX-7239.D703_D501.C2FTBACXX.2	TH-101	SLX-7239.D703_D501.C2FTBACXX.s_2	C2FTBACXX	Veh	FALSE	TH-101 V*
SLX-7239.D703_D501.C2FTBACXX.3	TH-101	SLX-7239.D703_D501.C2FTBACXX.s_3	C2FTBACXX	Veh	FALSE	TH-101 V*
SLX-7239.D703_D501.C2FTBACXX.4	TH-101	SLX-7239.D703_D501.C2FTBACXX.s_4	C2FTBACXX	Veh	FALSE	TH-101 V*
SLX-7239.D703_D501.C2FUJACXX.5	TH-101	SLX-7239.D703_D501.C2FUJACXX.s_5	C2FUJACXX	Veh	FALSE	TH-101 V*
SLX-7239.D703_D501.C2FUJACXX.6	TH-101	SLX-7239.D703_D501.C2FUJACXX.s_6	C2FUJACXX	Veh	FALSE	TH-101 V*
SLX-7239.D703_D501.C2FUJACXX.7	TH-101	SLX-7239.D703_D501.C2FUJACXX.s_7	C2FUJACXX	Veh	FALSE	TH-101 V*
SLX-7239.D703_D501.C2FUJACXX.8	TH-101	SLX-7239.D703_D501.C2FUJACXX.s_8	C2FUJACXX	Veh	FALSE	TH-101 V*
SLX-7239.D703_D502.C2FTBACXX.1	TH-103	SLX-7239.D703_D502.C2FTBACXX.s_1	C2FTBACXX	E2	FALSE	TH-103 E
SLX-7239.D703_D502.C2FTBACXX.2	TH-103	SLX-7239.D703_D502.C2FTBACXX.s_2	C2FTBACXX	E2	FALSE	TH-103 E
SLX-7239.D703_D502.C2FTBACXX.3	TH-103	SLX-7239.D703_D502.C2FTBACXX.s_3	C2FTBACXX	E2	FALSE	TH-103 E
SLX-7239.D703_D502.C2FTBACXX.4	TH-103	SLX-7239.D703_D502.C2FTBACXX.s_4	C2FTBACXX	E2	FALSE	TH-103 E
SLX-7239.D703_D502.C2FUJACXX.5	TH-103	SLX-7239.D703_D502.C2FUJACXX.s_5	C2FUJACXX	E2	FALSE	TH-103 E
SLX-7239.D703_D502.C2FUJACXX.6	TH-103	SLX-7239.D703_D502.C2FUJACXX.s_6	C2FUJACXX	E2	FALSE	TH-103 E
SLX-7239.D703_D502.C2FUJACXX.7	TH-103	SLX-7239.D703_D502.C2FUJACXX.s_7	C2FUJACXX	E2	FALSE	TH-103 E
SLX-7239.D703_D502.C2FUJACXX.8	TH-103	SLX-7239.D703_D502.C2FUJACXX.s_8	C2FUJACXX	E2	FALSE	TH-103 E
SLX-7239.D703_D503.C2FTBACXX.1	TH-107	SLX-7239.D703_D503.C2FTBACXX.s_1	C2FTBACXX	DHT	FALSE	TH-107 D
SLX-7239.D703_D503.C2FTBACXX.2	TH-107	SLX-7239.D703_D503.C2FTBACXX.s_2	C2FTBACXX	DHT	FALSE	TH-107 D
SLX-7239.D703_D503.C2FTBACXX.3	TH-107	SLX-7239.D703_D503.C2FTBACXX.s_3	C2FTBACXX	DHT	FALSE	TH-107 D
SLX-7239.D703_D503.C2FTBACXX.4	TH-107	SLX-7239.D703_D503.C2FTBACXX.s_4	C2FTBACXX	DHT	FALSE	TH-107 D
SLX-7239.D703_D503.C2FUJACXX.5	TH-107	SLX-7239.D703_D503.C2FUJACXX.s_5	C2FUJACXX	DHT	FALSE	TH-107 D
SLX-7239.D703_D503.C2FUJACXX.6	TH-107	SLX-7239.D703_D503.C2FUJACXX.s_6	C2FUJACXX	DHT	FALSE	TH-107 D
SLX-7239.D703_D503.C2FUJACXX.7	TH-107	SLX-7239.D703_D503.C2FUJACXX.s_7	C2FUJACXX	DHT	FALSE	TH-107 D
SLX-7239.D703_D503.C2FUJACXX.8	TH-107	SLX-7239.D703_D503.C2FUJACXX.s_8	C2FUJACXX	DHT	FALSE	TH-107 D
SLX-7239.D703_D504.C2FTBACXX.1	TH-83	SLX-7239.D703_D504.C2FTBACXX.s_1	C2FTBACXX	Veh	FALSE	TH-83 V
SLX-7239.D703_D504.C2FTBACXX.2	TH-83	SLX-7239.D703_D504.C2FTBACXX.s_2	C2FTBACXX	Veh	FALSE	TH-83 V
SLX-7239.D703_D504.C2FTBACXX.3	TH-83	SLX-7239.D703_D504.C2FTBACXX.s_3	C2FTBACXX	Veh	FALSE	TH-83 V
SLX-7239.D703_D504.C2FTBACXX.4	TH-83	SLX-7239.D703_D504.C2FTBACXX.s_4	C2FTBACXX	Veh	FALSE	TH-83 V
SLX-7239.D703_D504.C2FUJACXX.5	TH-83	SLX-7239.D703_D504.C2FUJACXX.s_5	C2FUJACXX	Veh	FALSE	TH-83 V
SLX-7239.D703_D504.C2FUJACXX.6	TH-83	SLX-7239.D703_D504.C2FUJACXX.s_6	C2FUJACXX	Veh	FALSE	TH-83 V
SLX-7239.D703_D504.C2FUJACXX.7	TH-83	SLX-7239.D703_D504.C2FUJACXX.s_7	C2FUJACXX	Veh	FALSE	TH-83 V
SLX-7239.D703_D504.C2FUJACXX.8	TH-83	SLX-7239.D703_D504.C2FUJACXX.s_8	C2FUJACXX	Veh	FALSE	TH-83 V
SLX-7239.D703_D505.C2FTBACXX.1	TH-101	SLX-7239.D703_D505.C2FTBACXX.s_1	C2FTBACXX	E2+DHT	FALSE	TH-101 ED
SLX-7239.D703_D505.C2FTBACXX.2	TH-101	SLX-7239.D703_D505.C2FTBACXX.s_2	C2FTBACXX	E2+DHT	FALSE	TH-101 ED
SLX-7239.D703_D505.C2FTBACXX.3	TH-101	SLX-7239.D703_D505.C2FTBACXX.s_3	C2FTBACXX	E2+DHT	FALSE	TH-101 ED
SLX-7239.D703_D505.C2FTBACXX.4	TH-101	SLX-7239.D703_D505.C2FTBACXX.s_4	C2FTBACXX	E2+DHT	FALSE	TH-101 ED
SLX-7239.D703_D505.C2FUJACXX.5	TH-101	SLX-7239.D703_D505.C2FUJACXX.s_5	C2FUJACXX	E2+DHT	FALSE	TH-101 ED
SLX-7239.D703_D505.C2FUJACXX.6	TH-101	SLX-7239.D703_D505.C2FUJACXX.s_6	C2FUJACXX	E2+DHT	FALSE	TH-101 ED
SLX-7239.D703_D505.C2FUJACXX.7	TH-101	SLX-7239.D703_D505.C2FUJACXX.s_7	C2FUJACXX	E2+DHT	FALSE	TH-101 ED
SLX-7239.D703_D505.C2FUJACXX.8	TH-101	SLX-7239.D703_D505.C2FUJACXX.s_8	C2FUJACXX	E2+DHT	FALSE	TH-101 ED
SLX-7239.D703_D506.C2FTBACXX.1	TH-89	SLX-7239.D703_D506.C2FTBACXX.s_1	C2FTBACXX	DHT	FALSE	TH-89 D
SLX-7239.D703_D506.C2FTBACXX.2	TH-89	SLX-7239.D703_D506.C2FTBACXX.s_2	C2FTBACXX	DHT	FALSE	TH-89 D
SLX-7239.D703_D506.C2FTBACXX.3	TH-89	SLX-7239.D703_D506.C2FTBACXX.s_3	C2FTBACXX	DHT	FALSE	TH-89 D
SLX-7239.D703_D506.C2FTBACXX.4	TH-89	SLX-7239.D703_D506.C2FTBACXX.s_4	C2FTBACXX	DHT	FALSE	TH-89 D
SLX-7239.D703_D506.C2FUJACXX.5	TH-89	SLX-7239.D703_D506.C2FUJACXX.s_5	C2FUJACXX	DHT	FALSE	TH-89 D
SLX-7239.D703_D506.C2FUJACXX.6	TH-89	SLX-7239.D703_D506.C2FUJACXX.s_6	C2FUJACXX	DHT	FALSE	TH-89 D
SLX-7239.D703_D506.C2FUJACXX.7	TH-89	SLX-7239.D703_D506.C2FUJACXX.s_7	C2FUJACXX	DHT	FALSE	TH-89 D
SLX-7239.D703_D506.C2FUJACXX.8	TH-89	SLX-7239.D703_D506.C2FUJACXX.s_8	C2FUJACXX	DHT	FALSE	TH-89 D
SLX-7239.D703_D508.C2FTBACXX.1	TH-103	SLX-7239.D703_D508.C2FTBACXX.s_1	C2FTBACXX	DHT	FALSE	TH-103 D
SLX-7239.D703_D508.C2FTBACXX.2	TH-103	SLX-7239.D703_D508.C2FTBACXX.s_2	C2FTBACXX	DHT	FALSE	TH-103 D
SLX-7239.D703_D508.C2FTBACXX.3	TH-103	SLX-7239.D703_D508.C2FTBACXX.s_3	C2FTBACXX	DHT	FALSE	TH-103 D
SLX-7239.D703_D508.C2FTBACXX.4	TH-103	SLX-7239.D703_D508.C2FTBACXX.s_4	C2FTBACXX	DHT	FALSE	TH-103 D
SLX-7239.D703_D508.C2FUJACXX.5	TH-103	SLX-7239.D703_D508.C2FUJACXX.s_5	C2FUJACXX	DHT	FALSE	TH-103 D
SLX-7239.D703_D508.C2FUJACXX.6	TH-103	SLX-7239.D703_D508.C2FUJACXX.s_6	C2FUJACXX	DHT	FALSE	TH-103 D
SLX-7239.D703_D508.C2FUJACXX.7	TH-103	SLX-7239.D703_D508.C2FUJACXX.s_7	C2FUJACXX	DHT	FALSE	TH-103 D
SLX-7239.D703_D508.C2FUJACXX.8	TH-103	SLX-7239.D703_D508.C2FUJACXX.s_8	C2FUJACXX	DHT	FALSE	TH-103 D
SLX-7239.D704_D501.C2FTBACXX.1	TH-105	SLX-7239.D704_D501.C2FTBACXX.s_1	C2FTBACXX	E2	FALSE	TH-105 E
SLX-7239.D704_D501.C2FTBACXX.2	TH-105	SLX-7239.D704_D501.C2FTBACXX.s_2	C2FTBACXX	E2	FALSE	TH-105 E
SLX-7239.D704_D501.C2FTBACXX.3	TH-105	SLX-7239.D704_D501.C2FTBACXX.s_3	C2FTBACXX	E2	FALSE	TH-105 E
SLX-7239.D704_D501.C2FTBACXX.4	TH-105	SLX-7239.D704_D501.C2FTBACXX.s_4	C2FTBACXX	E2	FALSE	TH-105 E
SLX-7239.D704_D501.C2FUJACXX.5	TH-105	SLX-7239.D704_D501.C2FUJACXX.s_5	C2FUJACXX	E2	FALSE	TH-105 E
SLX-7239.D704_D501.C2FUJACXX.6	TH-105	SLX-7239.D704_D501.C2FUJACXX.s_6	C2FUJACXX	E2	FALSE	TH-105 E
SLX-7239.D704_D501.C2FUJACXX.7	TH-105	SLX-7239.D704_D501.C2FUJACXX.s_7	C2FUJACXX	E2	FALSE	TH-105 E
SLX-7239.D704_D501.C2FUJACXX.8	TH-105	SLX-7239.D704_D501.C2FUJACXX.s_8	C2FUJACXX	E2	FALSE	TH-105 E
SLX-7239.D704_D502.C2FTBACXX.1	TH-105	SLX-7239.D704_D502.C2FTBACXX.s_1	C2FTBACXX	E2+DHT	FALSE	TH-105 ED
SLX-7239.D704_D502.C2FTBACXX.2	TH-105	SLX-7239.D704_D502.C2FTBACXX.s_2	C2FTBACXX	E2+DHT	FALSE	TH-105 ED
SLX-7239.D704_D502.C2FTBACXX.3	TH-105	SLX-7239.D704_D502.C2FTBACXX.s_3	C2FTBACXX	E2+DHT	FALSE	TH-105 ED
SLX-7239.D704_D502.C2FTBACXX.4	TH-105	SLX-7239.D704_D502.C2FTBACXX.s_4	C2FTBACXX	E2+DHT	FALSE	TH-105 ED
SLX-7239.D704_D502.C2FUJACXX.5	TH-105	SLX-7239.D704_D502.C2FUJACXX.s_5	C2FUJACXX	E2+DHT	FALSE	TH-105 ED
SLX-7239.D704_D502.C2FUJACXX.6	TH-105	SLX-7239.D704_D502.C2FUJACXX.s_6	C2FUJACXX	E2+DHT	FALSE	TH-105 ED
SLX-7239.D704_D502.C2FUJACXX.7	TH-105	SLX-7239.D704_D502.C2FUJACXX.s_7	C2FUJACXX	E2+DHT	FALSE	TH-105 ED
SLX-7239.D704_D502.C2FUJACXX.8	TH-105	SLX-7239.D704_D502.C2FUJACXX.s_8	C2FUJACXX	E2+DHT	FALSE	TH-105 ED
SLX-7239.D704_D503.C2FTBACXX.1	TH-81	SLX-7239.D704_D503.C2FTBACXX.s_1	C2FTBACXX	DHT	FALSE	TH-81 D
SLX-7239.D704_D503.C2FTBACXX.2	TH-81	SLX-7239.D704_D503.C2FTBACXX.s_2	C2FTBACXX	DHT	FALSE	TH-81 D
SLX-7239.D704_D503.C2FTBACXX.3	TH-81	SLX-7239.D704_D503.C2FTBACXX.s_3	C2FTBACXX	DHT	FALSE	TH-81 D
SLX-7239.D704_D503.C2FTBACXX.4	TH-81	SLX-7239.D704_D503.C2FTBACXX.s_4	C2FTBACXX	DHT	FALSE	TH-81 D
SLX-7239.D704_D503.C2FUJACXX.5	TH-81	SLX-7239.D704_D503.C2FUJACXX.s_5	C2FUJACXX	DHT	FALSE	TH-81 D
SLX-7239.D704_D503.C2FUJACXX.6	TH-81	SLX-7239.D704_D503.C2FUJACXX.s_6	C2FUJACXX	DHT	FALSE	TH-81 D
SLX-7239.D704_D503.C2FUJACXX.7	TH-81	SLX-7239.D704_D503.C2FUJACXX.s_7	C2FUJACXX	DHT	FALSE	TH-81 D
SLX-7239.D704_D503.C2FUJACXX.8	TH-81	SLX-7239.D704_D503.C2FUJACXX.s_8	C2FUJACXX	DHT	FALSE	TH-81 D
SLX-7239.D704_D504.C2FTBACXX.1	TH-101	SLX-7239.D704_D504.C2FTBACXX.s_1	C2FTBACXX	DHT	FALSE	TH-101 D
SLX-7239.D704_D504.C2FTBACXX.2	TH-101	SLX-7239.D704_D504.C2FTBACXX.s_2	C2FTBACXX	DHT	FALSE	TH-101 D
SLX-7239.D704_D504.C2FTBACXX.3	TH-101	SLX-7239.D704_D504.C2FTBACXX.s_3	C2FTBACXX	DHT	FALSE	TH-101 D
SLX-7239.D704_D504.C2FTBACXX.4	TH-101	SLX-7239.D704_D504.C2FTBACXX.s_4	C2FTBACXX	DHT	FALSE	TH-101 D
SLX-7239.D704_D504.C2FUJACXX.5	TH-101	SLX-7239.D704_D504.C2FUJACXX.s_5	C2FUJACXX	DHT	FALSE	TH-101 D
SLX-7239.D704_D504.C2FUJACXX.6	TH-101	SLX-7239.D704_D504.C2FUJACXX.s_6	C2FUJACXX	DHT	FALSE	TH-101 D
SLX-7239.D704_D504.C2FUJACXX.7	TH-101	SLX-7239.D704_D504.C2FUJACXX.s_7	C2FUJACXX	DHT	FALSE	TH-101 D
SLX-7239.D704_D504.C2FUJACXX.8	TH-101	SLX-7239.D704_D504.C2FUJACXX.s_8	C2FUJACXX	DHT	FALSE	TH-101 D
SLX-7239.D704_D505.C2FTBACXX.1	TH-82	SLX-7239.D704_D505.C2FTBACXX.s_1	C2FTBACXX	E2	FALSE	TH-82 E
SLX-7239.D704_D505.C2FTBACXX.2	TH-82	SLX-7239.D704_D505.C2FTBACXX.s_2	C2FTBACXX	E2	FALSE	TH-82 E
SLX-7239.D704_D505.C2FTBACXX.3	TH-82	SLX-7239.D704_D505.C2FTBACXX.s_3	C2FTBACXX	E2	FALSE	TH-82 E
SLX-7239.D704_D505.C2FTBACXX.4	TH-82	SLX-7239.D704_D505.C2FTBACXX.s_4	C2FTBACXX	E2	FALSE	TH-82 E
SLX-7239.D704_D505.C2FUJACXX.5	TH-82	SLX-7239.D704_D505.C2FUJACXX.s_5	C2FUJACXX	E2	FALSE	TH-82 E
SLX-7239.D704_D505.C2FUJACXX.6	TH-82	SLX-7239.D704_D505.C2FUJACXX.s_6	C2FUJACXX	E2	FALSE	TH-82 E
SLX-7239.D704_D505.C2FUJACXX.7	TH-82	SLX-7239.D704_D505.C2FUJACXX.s_7	C2FUJACXX	E2	FALSE	TH-82 E
SLX-7239.D704_D505.C2FUJACXX.8	TH-82	SLX-7239.D704_D505.C2FUJACXX.s_8	C2FUJACXX	E2	FALSE	TH-82 E
SLX-7239.D704_D506.C2FTBACXX.1	TH-82	SLX-7239.D704_D506.C2FTBACXX.s_1	C2FTBACXX	Veh	FALSE	TH-82 V
SLX-7239.D704_D506.C2FTBACXX.2	TH-82	SLX-7239.D704_D506.C2FTBACXX.s_2	C2FTBACXX	Veh	FALSE	TH-82 V
SLX-7239.D704_D506.C2FTBACXX.3	TH-82	SLX-7239.D704_D506.C2FTBACXX.s_3	C2FTBACXX	Veh	FALSE	TH-82 V
SLX-7239.D704_D506.C2FTBACXX.4	TH-82	SLX-7239.D704_D506.C2FTBACXX.s_4	C2FTBACXX	Veh	FALSE	TH-82 V
SLX-7239.D704_D506.C2FUJACXX.5	TH-82	SLX-7239.D704_D506.C2FUJACXX.s_5	C2FUJACXX	Veh	FALSE	TH-82 V
SLX-7239.D704_D506.C2FUJACXX.6	TH-82	SLX-7239.D704_D506.C2FUJACXX.s_6	C2FUJACXX	Veh	FALSE	TH-82 V
SLX-7239.D704_D506.C2FUJACXX.7	TH-82	SLX-7239.D704_D506.C2FUJACXX.s_7	C2FUJACXX	Veh	FALSE	TH-82 V
SLX-7239.D704_D506.C2FUJACXX.8	TH-82	SLX-7239.D704_D506.C2FUJACXX.s_8	C2FUJACXX	Veh	FALSE	TH-82 V
SLX-7239.D704_D507.C2FTBACXX.1	TH-108	SLX-7239.D704_D507.C2FTBACXX.s_1	C2FTBACXX	E2	FALSE	TH-108 E
SLX-7239.D704_D507.C2FTBACXX.2	TH-108	SLX-7239.D704_D507.C2FTBACXX.s_2	C2FTBACXX	E2	FALSE	TH-108 E
SLX-7239.D704_D507.C2FTBACXX.3	TH-108	SLX-7239.D704_D507.C2FTBACXX.s_3	C2FTBACXX	E2	FALSE	TH-108 E
SLX-7239.D704_D507.C2FTBACXX.4	TH-108	SLX-7239.D704_D507.C2FTBACXX.s_4	C2FTBACXX	E2	FALSE	TH-108 E
SLX-7239.D704_D507.C2FUJACXX.5	TH-108	SLX-7239.D704_D507.C2FUJACXX.s_5	C2FUJACXX	E2	FALSE	TH-108 E
SLX-7239.D704_D507.C2FUJACXX.6	TH-108	SLX-7239.D704_D507.C2FUJACXX.s_6	C2FUJACXX	E2	FALSE	TH-108 E
SLX-7239.D704_D507.C2FUJACXX.7	TH-108	SLX-7239.D704_D507.C2FUJACXX.s_7	C2FUJACXX	E2	FALSE	TH-108 E
SLX-7239.D704_D507.C2FUJACXX.8	TH-108	SLX-7239.D704_D507.C2FUJACXX.s_8	C2FUJACXX	E2	FALSE	TH-108 E
SLX-7239.D705_D501.C2FTBACXX.1	TH-85	SLX-7239.D705_D501.C2FTBACXX.s_1	C2FTBACXX	E2+DHT	FALSE	TH-85 ED
SLX-7239.D705_D501.C2FTBACXX.2	TH-85	SLX-7239.D705_D501.C2FTBACXX.s_2	C2FTBACXX	E2+DHT	FALSE	TH-85 ED
SLX-7239.D705_D501.C2FTBACXX.3	TH-85	SLX-7239.D705_D501.C2FTBACXX.s_3	C2FTBACXX	E2+DHT	FALSE	TH-85 ED
SLX-7239.D705_D501.C2FTBACXX.4	TH-85	SLX-7239.D705_D501.C2FTBACXX.s_4	C2FTBACXX	E2+DHT	FALSE	TH-85 ED
SLX-7239.D705_D501.C2FUJACXX.5	TH-85	SLX-7239.D705_D501.C2FUJACXX.s_5	C2FUJACXX	E2+DHT	FALSE	TH-85 ED
SLX-7239.D705_D501.C2FUJACXX.6	TH-85	SLX-7239.D705_D501.C2FUJACXX.s_6	C2FUJACXX	E2+DHT	FALSE	TH-85 ED
SLX-7239.D705_D501.C2FUJACXX.7	TH-85	SLX-7239.D705_D501.C2FUJACXX.s_7	C2FUJACXX	E2+DHT	FALSE	TH-85 ED
SLX-7239.D705_D501.C2FUJACXX.8	TH-85	SLX-7239.D705_D501.C2FUJACXX.s_8	C2FUJACXX	E2+DHT	FALSE	TH-85 ED
SLX-7239.D705_D503.C2FTBACXX.1	TH-102	SLX-7239.D705_D503.C2FTBACXX.s_1	C2FTBACXX	E2	FALSE	TH-102 E
SLX-7239.D705_D503.C2FTBACXX.2	TH-102	SLX-7239.D705_D503.C2FTBACXX.s_2	C2FTBACXX	E2	FALSE	TH-102 E
SLX-7239.D705_D503.C2FTBACXX.3	TH-102	SLX-7239.D705_D503.C2FTBACXX.s_3	C2FTBACXX	E2	FALSE	TH-102 E
SLX-7239.D705_D503.C2FTBACXX.4	TH-102	SLX-7239.D705_D503.C2FTBACXX.s_4	C2FTBACXX	E2	FALSE	TH-102 E
SLX-7239.D705_D503.C2FUJACXX.5	TH-102	SLX-7239.D705_D503.C2FUJACXX.s_5	C2FUJACXX	E2	FALSE	TH-102 E
SLX-7239.D705_D503.C2FUJACXX.6	TH-102	SLX-7239.D705_D503.C2FUJACXX.s_6	C2FUJACXX	E2	FALSE	TH-102 E
SLX-7239.D705_D503.C2FUJACXX.7	TH-102	SLX-7239.D705_D503.C2FUJACXX.s_7	C2FUJACXX	E2	FALSE	TH-102 E
SLX-7239.D705_D503.C2FUJACXX.8	TH-102	SLX-7239.D705_D503.C2FUJACXX.s_8	C2FUJACXX	E2	FALSE	TH-102 E
SLX-7239.D705_D504.C2FTBACXX.1	TH-84	SLX-7239.D705_D504.C2FTBACXX.s_1	C2FTBACXX	E2	FALSE	TH-84 E
SLX-7239.D705_D504.C2FTBACXX.2	TH-84	SLX-7239.D705_D504.C2FTBACXX.s_2	C2FTBACXX	E2	FALSE	TH-84 E
SLX-7239.D705_D504.C2FTBACXX.3	TH-84	SLX-7239.D705_D504.C2FTBACXX.s_3	C2FTBACXX	E2	FALSE	TH-84 E
SLX-7239.D705_D504.C2FTBACXX.4	TH-84	SLX-7239.D705_D504.C2FTBACXX.s_4	C2FTBACXX	E2	FALSE	TH-84 E
SLX-7239.D705_D504.C2FUJACXX.5	TH-84	SLX-7239.D705_D504.C2FUJACXX.s_5	C2FUJACXX	E2	FALSE	TH-84 E
SLX-7239.D705_D504.C2FUJACXX.6	TH-84	SLX-7239.D705_D504.C2FUJACXX.s_6	C2FUJACXX	E2	FALSE	TH-84 E
SLX-7239.D705_D504.C2FUJACXX.7	TH-84	SLX-7239.D705_D504.C2FUJACXX.s_7	C2FUJACXX	E2	FALSE	TH-84 E
SLX-7239.D705_D504.C2FUJACXX.8	TH-84	SLX-7239.D705_D504.C2FUJACXX.s_8	C2FUJACXX	E2	FALSE	TH-84 E
SLX-7239.D705_D505.C2FTBACXX.1	TH-87	SLX-7239.D705_D505.C2FTBACXX.s_1	C2FTBACXX	E2+DHT	FALSE	TH-87 ED
SLX-7239.D705_D505.C2FTBACXX.2	TH-87	SLX-7239.D705_D505.C2FTBACXX.s_2	C2FTBACXX	E2+DHT	FALSE	TH-87 ED
SLX-7239.D705_D505.C2FTBACXX.3	TH-87	SLX-7239.D705_D505.C2FTBACXX.s_3	C2FTBACXX	E2+DHT	FALSE	TH-87 ED
SLX-7239.D705_D505.C2FTBACXX.4	TH-87	SLX-7239.D705_D505.C2FTBACXX.s_4	C2FTBACXX	E2+DHT	FALSE	TH-87 ED
SLX-7239.D705_D505.C2FUJACXX.5	TH-87	SLX-7239.D705_D505.C2FUJACXX.s_5	C2FUJACXX	E2+DHT	FALSE	TH-87 ED
SLX-7239.D705_D505.C2FUJACXX.6	TH-87	SLX-7239.D705_D505.C2FUJACXX.s_6	C2FUJACXX	E2+DHT	FALSE	TH-87 ED
SLX-7239.D705_D505.C2FUJACXX.7	TH-87	SLX-7239.D705_D505.C2FUJACXX.s_7	C2FUJACXX	E2+DHT	FALSE	TH-87 ED
SLX-7239.D705_D505.C2FUJACXX.8	TH-87	SLX-7239.D705_D505.C2FUJACXX.s_8	C2FUJACXX	E2+DHT	FALSE	TH-87 ED
SLX-7239.D705_D506.C2FTBACXX.1	TH-108	SLX-7239.D705_D506.C2FTBACXX.s_1	C2FTBACXX	DHT	FALSE	TH-108 D
SLX-7239.D705_D506.C2FTBACXX.2	TH-108	SLX-7239.D705_D506.C2FTBACXX.s_2	C2FTBACXX	DHT	FALSE	TH-108 D
SLX-7239.D705_D506.C2FTBACXX.3	TH-108	SLX-7239.D705_D506.C2FTBACXX.s_3	C2FTBACXX	DHT	FALSE	TH-108 D
SLX-7239.D705_D506.C2FTBACXX.4	TH-108	SLX-7239.D705_D506.C2FTBACXX.s_4	C2FTBACXX	DHT	FALSE	TH-108 D
SLX-7239.D705_D506.C2FUJACXX.5	TH-108	SLX-7239.D705_D506.C2FUJACXX.s_5	C2FUJACXX	DHT	FALSE	TH-108 D
SLX-7239.D705_D506.C2FUJACXX.6	TH-108	SLX-7239.D705_D506.C2FUJACXX.s_6	C2FUJACXX	DHT	FALSE	TH-108 D
SLX-7239.D705_D506.C2FUJACXX.7	TH-108	SLX-7239.D705_D506.C2FUJACXX.s_7	C2FUJACXX	DHT	FALSE	TH-108 D
SLX-7239.D705_D506.C2FUJACXX.8	TH-108	SLX-7239.D705_D506.C2FUJACXX.s_8	C2FUJACXX	DHT	FALSE	TH-108 D
SLX-7239.D705_D508.C2FTBACXX.1	TH-86	SLX-7239.D705_D508.C2FTBACXX.s_1	C2FTBACXX	DHT	FALSE	TH-86 D
SLX-7239.D705_D508.C2FTBACXX.2	TH-86	SLX-7239.D705_D508.C2FTBACXX.s_2	C2FTBACXX	DHT	FALSE	TH-86 D
SLX-7239.D705_D508.C2FTBACXX.3	TH-86	SLX-7239.D705_D508.C2FTBACXX.s_3	C2FTBACXX	DHT	FALSE	TH-86 D
SLX-7239.D705_D508.C2FTBACXX.4	TH-86	SLX-7239.D705_D508.C2FTBACXX.s_4	C2FTBACXX	DHT	FALSE	TH-86 D
SLX-7239.D705_D508.C2FUJACXX.5	TH-86	SLX-7239.D705_D508.C2FUJACXX.s_5	C2FUJACXX	DHT	FALSE	TH-86 D
SLX-7239.D705_D508.C2FUJACXX.6	TH-86	SLX-7239.D705_D508.C2FUJACXX.s_6	C2FUJACXX	DHT	FALSE	TH-86 D
SLX-7239.D705_D508.C2FUJACXX.7	TH-86	SLX-7239.D705_D508.C2FUJACXX.s_7	C2FUJACXX	DHT	FALSE	TH-86 D
SLX-7239.D705_D508.C2FUJACXX.8	TH-86	SLX-7239.D705_D508.C2FUJACXX.s_8	C2FUJACXX	DHT	FALSE	TH-86 D
SLX-7239.D706_D502.C2FTBACXX.1	TH-86	SLX-7239.D706_D502.C2FTBACXX.s_1	C2FTBACXX	Veh	FALSE	TH-86 V
SLX-7239.D706_D502.C2FTBACXX.2	TH-86	SLX-7239.D706_D502.C2FTBACXX.s_2	C2FTBACXX	Veh	FALSE	TH-86 V
SLX-7239.D706_D502.C2FTBACXX.3	TH-86	SLX-7239.D706_D502.C2FTBACXX.s_3	C2FTBACXX	Veh	FALSE	TH-86 V
SLX-7239.D706_D502.C2FTBACXX.4	TH-86	SLX-7239.D706_D502.C2FTBACXX.s_4	C2FTBACXX	Veh	FALSE	TH-86 V
SLX-7239.D706_D502.C2FUJACXX.5	TH-86	SLX-7239.D706_D502.C2FUJACXX.s_5	C2FUJACXX	Veh	FALSE	TH-86 V
SLX-7239.D706_D502.C2FUJACXX.6	TH-86	SLX-7239.D706_D502.C2FUJACXX.s_6	C2FUJACXX	Veh	FALSE	TH-86 V
SLX-7239.D706_D502.C2FUJACXX.7	TH-86	SLX-7239.D706_D502.C2FUJACXX.s_7	C2FUJACXX	Veh	FALSE	TH-86 V
SLX-7239.D706_D502.C2FUJACXX.8	TH-86	SLX-7239.D706_D502.C2FUJACXX.s_8	C2FUJACXX	Veh	FALSE	TH-86 V
SLX-7239.D706_D503.C2FTBACXX.1	TH-106	SLX-7239.D706_D503.C2FTBACXX.s_1	C2FTBACXX	DHT	FALSE	TH-106 D
SLX-7239.D706_D503.C2FTBACXX.2	TH-106	SLX-7239.D706_D503.C2FTBACXX.s_2	C2FTBACXX	DHT	FALSE	TH-106 D
SLX-7239.D706_D503.C2FTBACXX.3	TH-106	SLX-7239.D706_D503.C2FTBACXX.s_3	C2FTBACXX	DHT	FALSE	TH-106 D
SLX-7239.D706_D503.C2FTBACXX.4	TH-106	SLX-7239.D706_D503.C2FTBACXX.s_4	C2FTBACXX	DHT	FALSE	TH-106 D
SLX-7239.D706_D503.C2FUJACXX.5	TH-106	SLX-7239.D706_D503.C2FUJACXX.s_5	C2FUJACXX	DHT	FALSE	TH-106 D
SLX-7239.D706_D503.C2FUJACXX.6	TH-106	SLX-7239.D706_D503.C2FUJACXX.s_6	C2FUJACXX	DHT	FALSE	TH-106 D
SLX-7239.D706_D503.C2FUJACXX.7	TH-106	SLX-7239.D706_D503.C2FUJACXX.s_7	C2FUJACXX	DHT	FALSE	TH-106 D
SLX-7239.D706_D503.C2FUJACXX.8	TH-106	SLX-7239.D706_D503.C2FUJACXX.s_8	C2FUJACXX	DHT	FALSE	TH-106 D
SLX-7239.D706_D504.C2FTBACXX.1	TH-89	SLX-7239.D706_D504.C2FTBACXX.s_1	C2FTBACXX	E2	FALSE	TH-89 E
SLX-7239.D706_D504.C2FTBACXX.2	TH-89	SLX-7239.D706_D504.C2FTBACXX.s_2	C2FTBACXX	E2	FALSE	TH-89 E
SLX-7239.D706_D504.C2FTBACXX.3	TH-89	SLX-7239.D706_D504.C2FTBACXX.s_3	C2FTBACXX	E2	FALSE	TH-89 E
SLX-7239.D706_D504.C2FTBACXX.4	TH-89	SLX-7239.D706_D504.C2FTBACXX.s_4	C2FTBACXX	E2	FALSE	TH-89 E
SLX-7239.D706_D504.C2FUJACXX.5	TH-89	SLX-7239.D706_D504.C2FUJACXX.s_5	C2FUJACXX	E2	FALSE	TH-89 E
SLX-7239.D706_D504.C2FUJACXX.6	TH-89	SLX-7239.D706_D504.C2FUJACXX.s_6	C2FUJACXX	E2	FALSE	TH-89 E
SLX-7239.D706_D504.C2FUJACXX.7	TH-89	SLX-7239.D706_D504.C2FUJACXX.s_7	C2FUJACXX	E2	FALSE	TH-89 E
SLX-7239.D706_D504.C2FUJACXX.8	TH-89	SLX-7239.D706_D504.C2FUJACXX.s_8	C2FUJACXX	E2	FALSE	TH-89 E
SLX-7239.D706_D505.C2FTBACXX.1	TH-86	SLX-7239.D706_D505.C2FTBACXX.s_1	C2FTBACXX	E2+DHT	FALSE	TH-86 ED
SLX-7239.D706_D505.C2FTBACXX.2	TH-86	SLX-7239.D706_D505.C2FTBACXX.s_2	C2FTBACXX	E2+DHT	FALSE	TH-86 ED
SLX-7239.D706_D505.C2FTBACXX.3	TH-86	SLX-7239.D706_D505.C2FTBACXX.s_3	C2FTBACXX	E2+DHT	FALSE	TH-86 ED
SLX-7239.D706_D505.C2FTBACXX.4	TH-86	SLX-7239.D706_D505.C2FTBACXX.s_4	C2FTBACXX	E2+DHT	FALSE	TH-86 ED
SLX-7239.D706_D505.C2FUJACXX.5	TH-86	SLX-7239.D706_D505.C2FUJACXX.s_5	C2FUJACXX	E2+DHT	FALSE	TH-86 ED
SLX-7239.D706_D505.C2FUJACXX.6	TH-86	SLX-7239.D706_D505.C2FUJACXX.s_6	C2FUJACXX	E2+DHT	FALSE	TH-86 ED
SLX-7239.D706_D505.C2FUJACXX.7	TH-86	SLX-7239.D706_D505.C2FUJACXX.s_7	C2FUJACXX	E2+DHT	FALSE	TH-86 ED
SLX-7239.D706_D505.C2FUJACXX.8	TH-86	SLX-7239.D706_D505.C2FUJACXX.s_8	C2FUJACXX	E2+DHT	FALSE	TH-86 ED
SLX-7239.D706_D507.C2FTBACXX.1	TH-88	SLX-7239.D706_D507.C2FTBACXX.s_1	C2FTBACXX	E2+DHT	FALSE	TH-88 ED
SLX-7239.D706_D507.C2FTBACXX.2	TH-88	SLX-7239.D706_D507.C2FTBACXX.s_2	C2FTBACXX	E2+DHT	FALSE	TH-88 ED
SLX-7239.D706_D507.C2FTBACXX.3	TH-88	SLX-7239.D706_D507.C2FTBACXX.s_3	C2FTBACXX	E2+DHT	FALSE	TH-88 ED
SLX-7239.D706_D507.C2FTBACXX.4	TH-88	SLX-7239.D706_D507.C2FTBACXX.s_4	C2FTBACXX	E2+DHT	FALSE	TH-88 ED
SLX-7239.D706_D507.C2FUJACXX.5	TH-88	SLX-7239.D706_D507.C2FUJACXX.s_5	C2FUJACXX	E2+DHT	FALSE	TH-88 ED
SLX-7239.D706_D507.C2FUJACXX.6	TH-88	SLX-7239.D706_D507.C2FUJACXX.s_6	C2FUJACXX	E2+DHT	FALSE	TH-88 ED
SLX-7239.D706_D507.C2FUJACXX.7	TH-88	SLX-7239.D706_D507.C2FUJACXX.s_7	C2FUJACXX	E2+DHT	FALSE	TH-88 ED
SLX-7239.D706_D507.C2FUJACXX.8	TH-88	SLX-7239.D706_D507.C2FUJACXX.s_8	C2FUJACXX	E2+DHT	FALSE	TH-88 ED
SLX-7239.D707_D501.C2FTBACXX.1	TH-83	SLX-7239.D707_D501.C2FTBACXX.s_1	C2FTBACXX	E2+DHT	FALSE	TH-83 ED
SLX-7239.D707_D501.C2FTBACXX.2	TH-83	SLX-7239.D707_D501.C2FTBACXX.s_2	C2FTBACXX	E2+DHT	FALSE	TH-83 ED
SLX-7239.D707_D501.C2FTBACXX.3	TH-83	SLX-7239.D707_D501.C2FTBACXX.s_3	C2FTBACXX	E2+DHT	FALSE	TH-83 ED
SLX-7239.D707_D501.C2FTBACXX.4	TH-83	SLX-7239.D707_D501.C2FTBACXX.s_4	C2FTBACXX	E2+DHT	FALSE	TH-83 ED
SLX-7239.D707_D501.C2FUJACXX.5	TH-83	SLX-7239.D707_D501.C2FUJACXX.s_5	C2FUJACXX	E2+DHT	FALSE	TH-83 ED
SLX-7239.D707_D501.C2FUJACXX.6	TH-83	SLX-7239.D707_D501.C2FUJACXX.s_6	C2FUJACXX	E2+DHT	FALSE	TH-83 ED
SLX-7239.D707_D501.C2FUJACXX.7	TH-83	SLX-7239.D707_D501.C2FUJACXX.s_7	C2FUJACXX	E2+DHT	FALSE	TH-83 ED
SLX-7239.D707_D501.C2FUJACXX.8	TH-83	SLX-7239.D707_D501.C2FUJACXX.s_8	C2FUJACXX	E2+DHT	FALSE	TH-83 ED
SLX-7239.D707_D502.C2FTBACXX.1	TH-102	SLX-7239.D707_D502.C2FTBACXX.s_1	C2FTBACXX	DHT	FALSE	TH-102 D
SLX-7239.D707_D502.C2FTBACXX.2	TH-102	SLX-7239.D707_D502.C2FTBACXX.s_2	C2FTBACXX	DHT	FALSE	TH-102 D
SLX-7239.D707_D502.C2FTBACXX.3	TH-102	SLX-7239.D707_D502.C2FTBACXX.s_3	C2FTBACXX	DHT	FALSE	TH-102 D
SLX-7239.D707_D502.C2FTBACXX.4	TH-102	SLX-7239.D707_D502.C2FTBACXX.s_4	C2FTBACXX	DHT	FALSE	TH-102 D
SLX-7239.D707_D502.C2FUJACXX.5	TH-102	SLX-7239.D707_D502.C2FUJACXX.s_5	C2FUJACXX	DHT	FALSE	TH-102 D
SLX-7239.D707_D502.C2FUJACXX.6	TH-102	SLX-7239.D707_D502.C2FUJACXX.s_6	C2FUJACXX	DHT	FALSE	TH-102 D
SLX-7239.D707_D502.C2FUJACXX.7	TH-102	SLX-7239.D707_D502.C2FUJACXX.s_7	C2FUJACXX	DHT	FALSE	TH-102 D
SLX-7239.D707_D502.C2FUJACXX.8	TH-102	SLX-7239.D707_D502.C2FUJACXX.s_8	C2FUJACXX	DHT	FALSE	TH-102 D
SLX-7239.D707_D503.C2FTBACXX.1	TH-108	SLX-7239.D707_D503.C2FTBACXX.s_1	C2FTBACXX	E2+DHT	FALSE	TH-108 ED
SLX-7239.D707_D503.C2FTBACXX.2	TH-108	SLX-7239.D707_D503.C2FTBACXX.s_2	C2FTBACXX	E2+DHT	FALSE	TH-108 ED
SLX-7239.D707_D503.C2FTBACXX.3	TH-108	SLX-7239.D707_D503.C2FTBACXX.s_3	C2FTBACXX	E2+DHT	FALSE	TH-108 ED
SLX-7239.D707_D503.C2FTBACXX.4	TH-108	SLX-7239.D707_D503.C2FTBACXX.s_4	C2FTBACXX	E2+DHT	FALSE	TH-108 ED
SLX-7239.D707_D503.C2FUJACXX.5	TH-108	SLX-7239.D707_D503.C2FUJACXX.s_5	C2FUJACXX	E2+DHT	FALSE	TH-108 ED
SLX-7239.D707_D503.C2FUJACXX.6	TH-108	SLX-7239.D707_D503.C2FUJACXX.s_6	C2FUJACXX	E2+DHT	FALSE	TH-108 ED
SLX-7239.D707_D503.C2FUJACXX.7	TH-108	SLX-7239.D707_D503.C2FUJACXX.s_7	C2FUJACXX	E2+DHT	FALSE	TH-108 ED
SLX-7239.D707_D503.C2FUJACXX.8	TH-108	SLX-7239.D707_D503.C2FUJACXX.s_8	C2FUJACXX	E2+DHT	FALSE	TH-108 ED
SLX-7239.D707_D504.C2FTBACXX.1	TH-101	SLX-7239.D707_D504.C2FTBACXX.s_1	C2FTBACXX	E2	FALSE	TH-101 E
SLX-7239.D707_D504.C2FTBACXX.2	TH-101	SLX-7239.D707_D504.C2FTBACXX.s_2	C2FTBACXX	E2	FALSE	TH-101 E
SLX-7239.D707_D504.C2FTBACXX.3	TH-101	SLX-7239.D707_D504.C2FTBACXX.s_3	C2FTBACXX	E2	FALSE	TH-101 E
SLX-7239.D707_D504.C2FTBACXX.4	TH-101	SLX-7239.D707_D504.C2FTBACXX.s_4	C2FTBACXX	E2	FALSE	TH-101 E
SLX-7239.D707_D504.C2FUJACXX.5	TH-101	SLX-7239.D707_D504.C2FUJACXX.s_5	C2FUJACXX	E2	FALSE	TH-101 E
SLX-7239.D707_D504.C2FUJACXX.6	TH-101	SLX-7239.D707_D504.C2FUJACXX.s_6	C2FUJACXX	E2	FALSE	TH-101 E
SLX-7239.D707_D504.C2FUJACXX.7	TH-101	SLX-7239.D707_D504.C2FUJACXX.s_7	C2FUJACXX	E2	FALSE	TH-101 E
SLX-7239.D707_D504.C2FUJACXX.8	TH-101	SLX-7239.D707_D504.C2FUJACXX.s_8	C2FUJACXX	E2	FALSE	TH-101 E
SLX-7239.D707_D505.C2FTBACXX.1	TH-88	SLX-7239.D707_D505.C2FTBACXX.s_1	C2FTBACXX	E2	FALSE	TH-88 E
SLX-7239.D707_D505.C2FTBACXX.2	TH-88	SLX-7239.D707_D505.C2FTBACXX.s_2	C2FTBACXX	E2	FALSE	TH-88 E
SLX-7239.D707_D505.C2FTBACXX.3	TH-88	SLX-7239.D707_D505.C2FTBACXX.s_3	C2FTBACXX	E2	FALSE	TH-88 E
SLX-7239.D707_D505.C2FTBACXX.4	TH-88	SLX-7239.D707_D505.C2FTBACXX.s_4	C2FTBACXX	E2	FALSE	TH-88 E
SLX-7239.D707_D505.C2FUJACXX.5	TH-88	SLX-7239.D707_D505.C2FUJACXX.s_5	C2FUJACXX	E2	FALSE	TH-88 E
SLX-7239.D707_D505.C2FUJACXX.6	TH-88	SLX-7239.D707_D505.C2FUJACXX.s_6	C2FUJACXX	E2	FALSE	TH-88 E
SLX-7239.D707_D505.C2FUJACXX.7	TH-88	SLX-7239.D707_D505.C2FUJACXX.s_7	C2FUJACXX	E2	FALSE	TH-88 E
SLX-7239.D707_D505.C2FUJACXX.8	TH-88	SLX-7239.D707_D505.C2FUJACXX.s_8	C2FUJACXX	E2	FALSE	TH-88 E
SLX-7239.D707_D506.C2FTBACXX.1	TH-107	SLX-7239.D707_D506.C2FTBACXX.s_1	C2FTBACXX	Veh	FALSE	TH-107 V
SLX-7239.D707_D506.C2FTBACXX.2	TH-107	SLX-7239.D707_D506.C2FTBACXX.s_2	C2FTBACXX	Veh	FALSE	TH-107 V
SLX-7239.D707_D506.C2FTBACXX.3	TH-107	SLX-7239.D707_D506.C2FTBACXX.s_3	C2FTBACXX	Veh	FALSE	TH-107 V
SLX-7239.D707_D506.C2FTBACXX.4	TH-107	SLX-7239.D707_D506.C2FTBACXX.s_4	C2FTBACXX	Veh	FALSE	TH-107 V
SLX-7239.D707_D506.C2FUJACXX.5	TH-107	SLX-7239.D707_D506.C2FUJACXX.s_5	C2FUJACXX	Veh	FALSE	TH-107 V
SLX-7239.D707_D506.C2FUJACXX.6	TH-107	SLX-7239.D707_D506.C2FUJACXX.s_6	C2FUJACXX	Veh	FALSE	TH-107 V
SLX-7239.D707_D506.C2FUJACXX.7	TH-107	SLX-7239.D707_D506.C2FUJACXX.s_7	C2FUJACXX	Veh	FALSE	TH-107 V
SLX-7239.D707_D506.C2FUJACXX.8	TH-107	SLX-7239.D707_D506.C2FUJACXX.s_8	C2FUJACXX	Veh	FALSE	TH-107 V
SLX-7239.D708_D501.C2FTBACXX.1	TH-103	SLX-7239.D708_D501.C2FTBACXX.s_1	C2FTBACXX	Veh	FALSE	TH-103 V
SLX-7239.D708_D501.C2FTBACXX.2	TH-103	SLX-7239.D708_D501.C2FTBACXX.s_2	C2FTBACXX	Veh	FALSE	TH-103 V
SLX-7239.D708_D501.C2FTBACXX.3	TH-103	SLX-7239.D708_D501.C2FTBACXX.s_3	C2FTBACXX	Veh	FALSE	TH-103 V
SLX-7239.D708_D501.C2FTBACXX.4	TH-103	SLX-7239.D708_D501.C2FTBACXX.s_4	C2FTBACXX	Veh	FALSE	TH-103 V
SLX-7239.D708_D501.C2FUJACXX.5	TH-103	SLX-7239.D708_D501.C2FUJACXX.s_5	C2FUJACXX	Veh	FALSE	TH-103 V
SLX-7239.D708_D501.C2FUJACXX.6	TH-103	SLX-7239.D708_D501.C2FUJACXX.s_6	C2FUJACXX	Veh	FALSE	TH-103 V
SLX-7239.D708_D501.C2FUJACXX.7	TH-103	SLX-7239.D708_D501.C2FUJACXX.s_7	C2FUJACXX	Veh	FALSE	TH-103 V
SLX-7239.D708_D501.C2FUJACXX.8	TH-103	SLX-7239.D708_D501.C2FUJACXX.s_8	C2FUJACXX	Veh	FALSE	TH-103 V
SLX-7239.D708_D502.C2FTBACXX.1	TH-81	SLX-7239.D708_D502.C2FTBACXX.s_1	C2FTBACXX	E2+DHT	FALSE	TH-81 ED
SLX-7239.D708_D502.C2FTBACXX.2	TH-81	SLX-7239.D708_D502.C2FTBACXX.s_2	C2FTBACXX	E2+DHT	FALSE	TH-81 ED
SLX-7239.D708_D502.C2FTBACXX.3	TH-81	SLX-7239.D708_D502.C2FTBACXX.s_3	C2FTBACXX	E2+DHT	FALSE	TH-81 ED
SLX-7239.D708_D502.C2FTBACXX.4	TH-81	SLX-7239.D708_D502.C2FTBACXX.s_4	C2FTBACXX	E2+DHT	FALSE	TH-81 ED
SLX-7239.D708_D502.C2FUJACXX.5	TH-81	SLX-7239.D708_D502.C2FUJACXX.s_5	C2FUJACXX	E2+DHT	FALSE	TH-81 ED
SLX-7239.D708_D502.C2FUJACXX.6	TH-81	SLX-7239.D708_D502.C2FUJACXX.s_6	C2FUJACXX	E2+DHT	FALSE	TH-81 ED
SLX-7239.D708_D502.C2FUJACXX.7	TH-81	SLX-7239.D708_D502.C2FUJACXX.s_7	C2FUJACXX	E2+DHT	FALSE	TH-81 ED
SLX-7239.D708_D502.C2FUJACXX.8	TH-81	SLX-7239.D708_D502.C2FUJACXX.s_8	C2FUJACXX	E2+DHT	FALSE	TH-81 ED
SLX-7239.D708_D503.C2FTBACXX.1	TH-105	SLX-7239.D708_D503.C2FTBACXX.s_1	C2FTBACXX	DHT	FALSE	TH-105 D
SLX-7239.D708_D503.C2FTBACXX.2	TH-105	SLX-7239.D708_D503.C2FTBACXX.s_2	C2FTBACXX	DHT	FALSE	TH-105 D
SLX-7239.D708_D503.C2FTBACXX.3	TH-105	SLX-7239.D708_D503.C2FTBACXX.s_3	C2FTBACXX	DHT	FALSE	TH-105 D
SLX-7239.D708_D503.C2FTBACXX.4	TH-105	SLX-7239.D708_D503.C2FTBACXX.s_4	C2FTBACXX	DHT	FALSE	TH-105 D
SLX-7239.D708_D503.C2FUJACXX.5	TH-105	SLX-7239.D708_D503.C2FUJACXX.s_5	C2FUJACXX	DHT	FALSE	TH-105 D
SLX-7239.D708_D503.C2FUJACXX.6	TH-105	SLX-7239.D708_D503.C2FUJACXX.s_6	C2FUJACXX	DHT	FALSE	TH-105 D
SLX-7239.D708_D503.C2FUJACXX.7	TH-105	SLX-7239.D708_D503.C2FUJACXX.s_7	C2FUJACXX	DHT	FALSE	TH-105 D
SLX-7239.D708_D503.C2FUJACXX.8	TH-105	SLX-7239.D708_D503.C2FUJACXX.s_8	C2FUJACXX	DHT	FALSE	TH-105 D
SLX-7239.D708_D504.C2FTBACXX.1	TH-84	SLX-7239.D708_D504.C2FTBACXX.s_1	C2FTBACXX	Veh	FALSE	TH-84 V
SLX-7239.D708_D504.C2FTBACXX.2	TH-84	SLX-7239.D708_D504.C2FTBACXX.s_2	C2FTBACXX	Veh	FALSE	TH-84 V
SLX-7239.D708_D504.C2FTBACXX.3	TH-84	SLX-7239.D708_D504.C2FTBACXX.s_3	C2FTBACXX	Veh	FALSE	TH-84 V
SLX-7239.D708_D504.C2FTBACXX.4	TH-84	SLX-7239.D708_D504.C2FTBACXX.s_4	C2FTBACXX	Veh	FALSE	TH-84 V
SLX-7239.D708_D504.C2FUJACXX.5	TH-84	SLX-7239.D708_D504.C2FUJACXX.s_5	C2FUJACXX	Veh	FALSE	TH-84 V
SLX-7239.D708_D504.C2FUJACXX.6	TH-84	SLX-7239.D708_D504.C2FUJACXX.s_6	C2FUJACXX	Veh	FALSE	TH-84 V
SLX-7239.D708_D504.C2FUJACXX.7	TH-84	SLX-7239.D708_D504.C2FUJACXX.s_7	C2FUJACXX	Veh	FALSE	TH-84 V
SLX-7239.D708_D504.C2FUJACXX.8	TH-84	SLX-7239.D708_D504.C2FUJACXX.s_8	C2FUJACXX	Veh	FALSE	TH-84 V
SLX-7239.D708_D506.C2FTBACXX.1	TH-104	SLX-7239.D708_D506.C2FTBACXX.s_1	C2FTBACXX	E2	FALSE	TH-104 E
SLX-7239.D708_D506.C2FTBACXX.2	TH-104	SLX-7239.D708_D506.C2FTBACXX.s_2	C2FTBACXX	E2	FALSE	TH-104 E
SLX-7239.D708_D506.C2FTBACXX.3	TH-104	SLX-7239.D708_D506.C2FTBACXX.s_3	C2FTBACXX	E2	FALSE	TH-104 E
SLX-7239.D708_D506.C2FTBACXX.4	TH-104	SLX-7239.D708_D506.C2FTBACXX.s_4	C2FTBACXX	E2	FALSE	TH-104 E
SLX-7239.D708_D506.C2FUJACXX.5	TH-104	SLX-7239.D708_D506.C2FUJACXX.s_5	C2FUJACXX	E2	FALSE	TH-104 E
SLX-7239.D708_D506.C2FUJACXX.6	TH-104	SLX-7239.D708_D506.C2FUJACXX.s_6	C2FUJACXX	E2	FALSE	TH-104 E
SLX-7239.D708_D506.C2FUJACXX.7	TH-104	SLX-7239.D708_D506.C2FUJACXX.s_7	C2FUJACXX	E2	FALSE	TH-104 E
SLX-7239.D708_D506.C2FUJACXX.8	TH-104	SLX-7239.D708_D506.C2FUJACXX.s_8	C2FUJACXX	E2	FALSE	TH-104 E
SLX-7239.D708_D507.C2FTBACXX.1	TH-104	SLX-7239.D708_D507.C2FTBACXX.s_1	C2FTBACXX	DHT	FALSE	TH-104 D
SLX-7239.D708_D507.C2FTBACXX.2	TH-104	SLX-7239.D708_D507.C2FTBACXX.s_2	C2FTBACXX	DHT	FALSE	TH-104 D
SLX-7239.D708_D507.C2FTBACXX.3	TH-104	SLX-7239.D708_D507.C2FTBACXX.s_3	C2FTBACXX	DHT	FALSE	TH-104 D
SLX-7239.D708_D507.C2FTBACXX.4	TH-104	SLX-7239.D708_D507.C2FTBACXX.s_4	C2FTBACXX	DHT	FALSE	TH-104 D
SLX-7239.D708_D507.C2FUJACXX.5	TH-104	SLX-7239.D708_D507.C2FUJACXX.s_5	C2FUJACXX	DHT	FALSE	TH-104 D
SLX-7239.D708_D507.C2FUJACXX.6	TH-104	SLX-7239.D708_D507.C2FUJACXX.s_6	C2FUJACXX	DHT	FALSE	TH-104 D
SLX-7239.D708_D507.C2FUJACXX.7	TH-104	SLX-7239.D708_D507.C2FUJACXX.s_7	C2FUJACXX	DHT	FALSE	TH-104 D
SLX-7239.D708_D507.C2FUJACXX.8	TH-104	SLX-7239.D708_D507.C2FUJACXX.s_8	C2FUJACXX	DHT	FALSE	TH-104 D
SLX-7239.D708_D508.C2FTBACXX.1	TH-84	SLX-7239.D708_D508.C2FTBACXX.s_1	C2FTBACXX	E2+DHT	FALSE	TH-84 ED
SLX-7239.D708_D508.C2FTBACXX.2	TH-84	SLX-7239.D708_D508.C2FTBACXX.s_2	C2FTBACXX	E2+DHT	FALSE	TH-84 ED
SLX-7239.D708_D508.C2FTBACXX.3	TH-84	SLX-7239.D708_D508.C2FTBACXX.s_3	C2FTBACXX	E2+DHT	FALSE	TH-84 ED
SLX-7239.D708_D508.C2FTBACXX.4	TH-84	SLX-7239.D708_D508.C2FTBACXX.s_4	C2FTBACXX	E2+DHT	FALSE	TH-84 ED
SLX-7239.D708_D508.C2FUJACXX.5	TH-84	SLX-7239.D708_D508.C2FUJACXX.s_5	C2FUJACXX	E2+DHT	FALSE	TH-84 ED
SLX-7239.D708_D508.C2FUJACXX.6	TH-84	SLX-7239.D708_D508.C2FUJACXX.s_6	C2FUJACXX	E2+DHT	FALSE	TH-84 ED
SLX-7239.D708_D508.C2FUJACXX.7	TH-84	SLX-7239.D708_D508.C2FUJACXX.s_7	C2FUJACXX	E2+DHT	FALSE	TH-84 ED
SLX-7239.D708_D508.C2FUJACXX.8	TH-84	SLX-7239.D708_D508.C2FUJACXX.s_8	C2FUJACXX	E2+DHT	FALSE	TH-84 ED
SLX-7239.D709_D501.C2FTBACXX.1	TH-87	SLX-7239.D709_D501.C2FTBACXX.s_1	C2FTBACXX	E2	FALSE	TH-87 E
SLX-7239.D709_D501.C2FTBACXX.2	TH-87	SLX-7239.D709_D501.C2FTBACXX.s_2	C2FTBACXX	E2	FALSE	TH-87 E
SLX-7239.D709_D501.C2FTBACXX.3	TH-87	SLX-7239.D709_D501.C2FTBACXX.s_3	C2FTBACXX	E2	FALSE	TH-87 E
SLX-7239.D709_D501.C2FTBACXX.4	TH-87	SLX-7239.D709_D501.C2FTBACXX.s_4	C2FTBACXX	E2	FALSE	TH-87 E
SLX-7239.D709_D501.C2FUJACXX.5	TH-87	SLX-7239.D709_D501.C2FUJACXX.s_5	C2FUJACXX	E2	FALSE	TH-87 E
SLX-7239.D709_D501.C2FUJACXX.6	TH-87	SLX-7239.D709_D501.C2FUJACXX.s_6	C2FUJACXX	E2	FALSE	TH-87 E
SLX-7239.D709_D501.C2FUJACXX.7	TH-87	SLX-7239.D709_D501.C2FUJACXX.s_7	C2FUJACXX	E2	FALSE	TH-87 E
SLX-7239.D709_D501.C2FUJACXX.8	TH-87	SLX-7239.D709_D501.C2FUJACXX.s_8	C2FUJACXX	E2	FALSE	TH-87 E
SLX-7239.D709_D502.C2FTBACXX.1	TH-87	SLX-7239.D709_D502.C2FTBACXX.s_1	C2FTBACXX	DHT	FALSE	TH-87 D
SLX-7239.D709_D502.C2FTBACXX.2	TH-87	SLX-7239.D709_D502.C2FTBACXX.s_2	C2FTBACXX	DHT	FALSE	TH-87 D
SLX-7239.D709_D502.C2FTBACXX.3	TH-87	SLX-7239.D709_D502.C2FTBACXX.s_3	C2FTBACXX	DHT	FALSE	TH-87 D
SLX-7239.D709_D502.C2FTBACXX.4	TH-87	SLX-7239.D709_D502.C2FTBACXX.s_4	C2FTBACXX	DHT	FALSE	TH-87 D
SLX-7239.D709_D502.C2FUJACXX.5	TH-87	SLX-7239.D709_D502.C2FUJACXX.s_5	C2FUJACXX	DHT	FALSE	TH-87 D
SLX-7239.D709_D502.C2FUJACXX.6	TH-87	SLX-7239.D709_D502.C2FUJACXX.s_6	C2FUJACXX	DHT	FALSE	TH-87 D
SLX-7239.D709_D502.C2FUJACXX.7	TH-87	SLX-7239.D709_D502.C2FUJACXX.s_7	C2FUJACXX	DHT	FALSE	TH-87 D
SLX-7239.D709_D502.C2FUJACXX.8	TH-87	SLX-7239.D709_D502.C2FUJACXX.s_8	C2FUJACXX	DHT	FALSE	TH-87 D
SLX-7239.D709_D504.C2FTBACXX.1	TH-86	SLX-7239.D709_D504.C2FTBACXX.s_1	C2FTBACXX	E2	FALSE	TH-86 E
SLX-7239.D709_D504.C2FTBACXX.2	TH-86	SLX-7239.D709_D504.C2FTBACXX.s_2	C2FTBACXX	E2	FALSE	TH-86 E
SLX-7239.D709_D504.C2FTBACXX.3	TH-86	SLX-7239.D709_D504.C2FTBACXX.s_3	C2FTBACXX	E2	FALSE	TH-86 E
SLX-7239.D709_D504.C2FTBACXX.4	TH-86	SLX-7239.D709_D504.C2FTBACXX.s_4	C2FTBACXX	E2	FALSE	TH-86 E
SLX-7239.D709_D504.C2FUJACXX.5	TH-86	SLX-7239.D709_D504.C2FUJACXX.s_5	C2FUJACXX	E2	FALSE	TH-86 E
SLX-7239.D709_D504.C2FUJACXX.6	TH-86	SLX-7239.D709_D504.C2FUJACXX.s_6	C2FUJACXX	E2	FALSE	TH-86 E
SLX-7239.D709_D504.C2FUJACXX.7	TH-86	SLX-7239.D709_D504.C2FUJACXX.s_7	C2FUJACXX	E2	FALSE	TH-86 E
SLX-7239.D709_D504.C2FUJACXX.8	TH-86	SLX-7239.D709_D504.C2FUJACXX.s_8	C2FUJACXX	E2	FALSE	TH-86 E
SLX-7239.D709_D505.C2FTBACXX.1	TH-108	SLX-7239.D709_D505.C2FTBACXX.s_1	C2FTBACXX	Veh	FALSE	TH-108 V
SLX-7239.D709_D505.C2FTBACXX.2	TH-108	SLX-7239.D709_D505.C2FTBACXX.s_2	C2FTBACXX	Veh	FALSE	TH-108 V
SLX-7239.D709_D505.C2FTBACXX.3	TH-108	SLX-7239.D709_D505.C2FTBACXX.s_3	C2FTBACXX	Veh	FALSE	TH-108 V
SLX-7239.D709_D505.C2FTBACXX.4	TH-108	SLX-7239.D709_D505.C2FTBACXX.s_4	C2FTBACXX	Veh	FALSE	TH-108 V
SLX-7239.D709_D505.C2FUJACXX.5	TH-108	SLX-7239.D709_D505.C2FUJACXX.s_5	C2FUJACXX	Veh	FALSE	TH-108 V
SLX-7239.D709_D505.C2FUJACXX.6	TH-108	SLX-7239.D709_D505.C2FUJACXX.s_6	C2FUJACXX	Veh	FALSE	TH-108 V
SLX-7239.D709_D505.C2FUJACXX.7	TH-108	SLX-7239.D709_D505.C2FUJACXX.s_7	C2FUJACXX	Veh	FALSE	TH-108 V
SLX-7239.D709_D505.C2FUJACXX.8	TH-108	SLX-7239.D709_D505.C2FUJACXX.s_8	C2FUJACXX	Veh	FALSE	TH-108 V
SLX-7239.D709_D507.C2FTBACXX.1	TH-103	SLX-7239.D709_D507.C2FTBACXX.s_1	C2FTBACXX	E2+DHT	FALSE	TH-103 ED
SLX-7239.D709_D507.C2FTBACXX.2	TH-103	SLX-7239.D709_D507.C2FTBACXX.s_2	C2FTBACXX	E2+DHT	FALSE	TH-103 ED
SLX-7239.D709_D507.C2FTBACXX.3	TH-103	SLX-7239.D709_D507.C2FTBACXX.s_3	C2FTBACXX	E2+DHT	FALSE	TH-103 ED
SLX-7239.D709_D507.C2FTBACXX.4	TH-103	SLX-7239.D709_D507.C2FTBACXX.s_4	C2FTBACXX	E2+DHT	FALSE	TH-103 ED
SLX-7239.D709_D507.C2FUJACXX.5	TH-103	SLX-7239.D709_D507.C2FUJACXX.s_5	C2FUJACXX	E2+DHT	FALSE	TH-103 ED
SLX-7239.D709_D507.C2FUJACXX.6	TH-103	SLX-7239.D709_D507.C2FUJACXX.s_6	C2FUJACXX	E2+DHT	FALSE	TH-103 ED
SLX-7239.D709_D507.C2FUJACXX.7	TH-103	SLX-7239.D709_D507.C2FUJACXX.s_7	C2FUJACXX	E2+DHT	FALSE	TH-103 ED
SLX-7239.D709_D507.C2FUJACXX.8	TH-103	SLX-7239.D709_D507.C2FUJACXX.s_8	C2FUJACXX	E2+DHT	FALSE	TH-103 ED
SLX-7239.D709_D508.C2FTBACXX.1	TH-88	SLX-7239.D709_D508.C2FTBACXX.s_1	C2FTBACXX	DHT	FALSE	TH-88 D
SLX-7239.D709_D508.C2FTBACXX.2	TH-88	SLX-7239.D709_D508.C2FTBACXX.s_2	C2FTBACXX	DHT	FALSE	TH-88 D
SLX-7239.D709_D508.C2FTBACXX.3	TH-88	SLX-7239.D709_D508.C2FTBACXX.s_3	C2FTBACXX	DHT	FALSE	TH-88 D
SLX-7239.D709_D508.C2FTBACXX.4	TH-88	SLX-7239.D709_D508.C2FTBACXX.s_4	C2FTBACXX	DHT	FALSE	TH-88 D
SLX-7239.D709_D508.C2FUJACXX.5	TH-88	SLX-7239.D709_D508.C2FUJACXX.s_5	C2FUJACXX	DHT	FALSE	TH-88 D
SLX-7239.D709_D508.C2FUJACXX.6	TH-88	SLX-7239.D709_D508.C2FUJACXX.s_6	C2FUJACXX	DHT	FALSE	TH-88 D
SLX-7239.D709_D508.C2FUJACXX.7	TH-88	SLX-7239.D709_D508.C2FUJACXX.s_7	C2FUJACXX	DHT	FALSE	TH-88 D
SLX-7239.D709_D508.C2FUJACXX.8	TH-88	SLX-7239.D709_D508.C2FUJACXX.s_8	C2FUJACXX	DHT	FALSE	TH-88 D
SLX-7239.D710_D502.C2FTBACXX.1	TH-104	SLX-7239.D710_D502.C2FTBACXX.s_1	C2FTBACXX	E2+DHT	FALSE	TH-104 ED
SLX-7239.D710_D502.C2FTBACXX.2	TH-104	SLX-7239.D710_D502.C2FTBACXX.s_2	C2FTBACXX	E2+DHT	FALSE	TH-104 ED
SLX-7239.D710_D502.C2FTBACXX.3	TH-104	SLX-7239.D710_D502.C2FTBACXX.s_3	C2FTBACXX	E2+DHT	FALSE	TH-104 ED
SLX-7239.D710_D502.C2FTBACXX.4	TH-104	SLX-7239.D710_D502.C2FTBACXX.s_4	C2FTBACXX	E2+DHT	FALSE	TH-104 ED
SLX-7239.D710_D502.C2FUJACXX.5	TH-104	SLX-7239.D710_D502.C2FUJACXX.s_5	C2FUJACXX	E2+DHT	FALSE	TH-104 ED
SLX-7239.D710_D502.C2FUJACXX.6	TH-104	SLX-7239.D710_D502.C2FUJACXX.s_6	C2FUJACXX	E2+DHT	FALSE	TH-104 ED
SLX-7239.D710_D502.C2FUJACXX.7	TH-104	SLX-7239.D710_D502.C2FUJACXX.s_7	C2FUJACXX	E2+DHT	FALSE	TH-104 ED
SLX-7239.D710_D502.C2FUJACXX.8	TH-104	SLX-7239.D710_D502.C2FUJACXX.s_8	C2FUJACXX	E2+DHT	FALSE	TH-104 ED
SLX-7239.D710_D504.C2FTBACXX.1	TH-84	SLX-7239.D710_D504.C2FTBACXX.s_1	C2FTBACXX	DHT	FALSE	TH-84 D
SLX-7239.D710_D504.C2FTBACXX.2	TH-84	SLX-7239.D710_D504.C2FTBACXX.s_2	C2FTBACXX	DHT	FALSE	TH-84 D
SLX-7239.D710_D504.C2FTBACXX.3	TH-84	SLX-7239.D710_D504.C2FTBACXX.s_3	C2FTBACXX	DHT	FALSE	TH-84 D
SLX-7239.D710_D504.C2FTBACXX.4	TH-84	SLX-7239.D710_D504.C2FTBACXX.s_4	C2FTBACXX	DHT	FALSE	TH-84 D
SLX-7239.D710_D504.C2FUJACXX.5	TH-84	SLX-7239.D710_D504.C2FUJACXX.s_5	C2FUJACXX	DHT	FALSE	TH-84 D
SLX-7239.D710_D504.C2FUJACXX.6	TH-84	SLX-7239.D710_D504.C2FUJACXX.s_6	C2FUJACXX	DHT	FALSE	TH-84 D
SLX-7239.D710_D504.C2FUJACXX.7	TH-84	SLX-7239.D710_D504.C2FUJACXX.s_7	C2FUJACXX	DHT	FALSE	TH-84 D
SLX-7239.D710_D504.C2FUJACXX.8	TH-84	SLX-7239.D710_D504.C2FUJACXX.s_8	C2FUJACXX	DHT	FALSE	TH-84 D
SLX-7239.D710_D505.C2FTBACXX.1	TH-81	SLX-7239.D710_D505.C2FTBACXX.s_1	C2FTBACXX	Veh	FALSE	TH-81 V
SLX-7239.D710_D505.C2FTBACXX.2	TH-81	SLX-7239.D710_D505.C2FTBACXX.s_2	C2FTBACXX	Veh	FALSE	TH-81 V
SLX-7239.D710_D505.C2FTBACXX.3	TH-81	SLX-7239.D710_D505.C2FTBACXX.s_3	C2FTBACXX	Veh	FALSE	TH-81 V
SLX-7239.D710_D505.C2FTBACXX.4	TH-81	SLX-7239.D710_D505.C2FTBACXX.s_4	C2FTBACXX	Veh	FALSE	TH-81 V
SLX-7239.D710_D505.C2FUJACXX.5	TH-81	SLX-7239.D710_D505.C2FUJACXX.s_5	C2FUJACXX	Veh	FALSE	TH-81 V
SLX-7239.D710_D505.C2FUJACXX.6	TH-81	SLX-7239.D710_D505.C2FUJACXX.s_6	C2FUJACXX	Veh	FALSE	TH-81 V
SLX-7239.D710_D505.C2FUJACXX.7	TH-81	SLX-7239.D710_D505.C2FUJACXX.s_7	C2FUJACXX	Veh	FALSE	TH-81 V
SLX-7239.D710_D505.C2FUJACXX.8	TH-81	SLX-7239.D710_D505.C2FUJACXX.s_8	C2FUJACXX	Veh	FALSE	TH-81 V
SLX-7239.D710_D506.C2FTBACXX.1	TH-106	SLX-7239.D710_D506.C2FTBACXX.s_1	C2FTBACXX	E2+DHT	FALSE	TH-106 ED
SLX-7239.D710_D506.C2FTBACXX.2	TH-106	SLX-7239.D710_D506.C2FTBACXX.s_2	C2FTBACXX	E2+DHT	FALSE	TH-106 ED
SLX-7239.D710_D506.C2FTBACXX.3	TH-106	SLX-7239.D710_D506.C2FTBACXX.s_3	C2FTBACXX	E2+DHT	FALSE	TH-106 ED
SLX-7239.D710_D506.C2FTBACXX.4	TH-106	SLX-7239.D710_D506.C2FTBACXX.s_4	C2FTBACXX	E2+DHT	FALSE	TH-106 ED
SLX-7239.D710_D506.C2FUJACXX.5	TH-106	SLX-7239.D710_D506.C2FUJACXX.s_5	C2FUJACXX	E2+DHT	FALSE	TH-106 ED
SLX-7239.D710_D506.C2FUJACXX.6	TH-106	SLX-7239.D710_D506.C2FUJACXX.s_6	C2FUJACXX	E2+DHT	FALSE	TH-106 ED
SLX-7239.D710_D506.C2FUJACXX.7	TH-106	SLX-7239.D710_D506.C2FUJACXX.s_7	C2FUJACXX	E2+DHT	FALSE	TH-106 ED
SLX-7239.D710_D506.C2FUJACXX.8	TH-106	SLX-7239.D710_D506.C2FUJACXX.s_8	C2FUJACXX	E2+DHT	FALSE	TH-106 ED
SLX-7239.D710_D507.C2FTBACXX.1	TH-82	SLX-7239.D710_D507.C2FTBACXX.s_1	C2FTBACXX	DHT	FALSE	TH-82 D
SLX-7239.D710_D507.C2FTBACXX.2	TH-82	SLX-7239.D710_D507.C2FTBACXX.s_2	C2FTBACXX	DHT	FALSE	TH-82 D
SLX-7239.D710_D507.C2FTBACXX.3	TH-82	SLX-7239.D710_D507.C2FTBACXX.s_3	C2FTBACXX	DHT	FALSE	TH-82 D
SLX-7239.D710_D507.C2FTBACXX.4	TH-82	SLX-7239.D710_D507.C2FTBACXX.s_4	C2FTBACXX	DHT	FALSE	TH-82 D
SLX-7239.D710_D507.C2FUJACXX.5	TH-82	SLX-7239.D710_D507.C2FUJACXX.s_5	C2FUJACXX	DHT	FALSE	TH-82 D
SLX-7239.D710_D507.C2FUJACXX.6	TH-82	SLX-7239.D710_D507.C2FUJACXX.s_6	C2FUJACXX	DHT	FALSE	TH-82 D
SLX-7239.D710_D507.C2FUJACXX.7	TH-82	SLX-7239.D710_D507.C2FUJACXX.s_7	C2FUJACXX	DHT	FALSE	TH-82 D
SLX-7239.D710_D507.C2FUJACXX.8	TH-82	SLX-7239.D710_D507.C2FUJACXX.s_8	C2FUJACXX	DHT	FALSE	TH-82 D
SLX-7239.D710_D508.C2FTBACXX.1	TH-81	SLX-7239.D710_D508.C2FTBACXX.s_1	C2FTBACXX	E2	FALSE	TH-81 E
SLX-7239.D710_D508.C2FTBACXX.2	TH-81	SLX-7239.D710_D508.C2FTBACXX.s_2	C2FTBACXX	E2	FALSE	TH-81 E
SLX-7239.D710_D508.C2FTBACXX.3	TH-81	SLX-7239.D710_D508.C2FTBACXX.s_3	C2FTBACXX	E2	FALSE	TH-81 E
SLX-7239.D710_D508.C2FTBACXX.4	TH-81	SLX-7239.D710_D508.C2FTBACXX.s_4	C2FTBACXX	E2	FALSE	TH-81 E
SLX-7239.D710_D508.C2FUJACXX.5	TH-81	SLX-7239.D710_D508.C2FUJACXX.s_5	C2FUJACXX	E2	FALSE	TH-81 E
SLX-7239.D710_D508.C2FUJACXX.6	TH-81	SLX-7239.D710_D508.C2FUJACXX.s_6	C2FUJACXX	E2	FALSE	TH-81 E
SLX-7239.D710_D508.C2FUJACXX.7	TH-81	SLX-7239.D710_D508.C2FUJACXX.s_7	C2FUJACXX	E2	FALSE	TH-81 E
SLX-7239.D710_D508.C2FUJACXX.8	TH-81	SLX-7239.D710_D508.C2FUJACXX.s_8	C2FUJACXX	E2	FALSE	TH-81 E
SLX-7239.D711_D501.C2FTBACXX.1	TH-107	SLX-7239.D711_D501.C2FTBACXX.s_1	C2FTBACXX	E2+DHT	FALSE	TH-107 ED
SLX-7239.D711_D501.C2FTBACXX.2	TH-107	SLX-7239.D711_D501.C2FTBACXX.s_2	C2FTBACXX	E2+DHT	FALSE	TH-107 ED
SLX-7239.D711_D501.C2FTBACXX.3	TH-107	SLX-7239.D711_D501.C2FTBACXX.s_3	C2FTBACXX	E2+DHT	FALSE	TH-107 ED
SLX-7239.D711_D501.C2FTBACXX.4	TH-107	SLX-7239.D711_D501.C2FTBACXX.s_4	C2FTBACXX	E2+DHT	FALSE	TH-107 ED
SLX-7239.D711_D501.C2FUJACXX.5	TH-107	SLX-7239.D711_D501.C2FUJACXX.s_5	C2FUJACXX	E2+DHT	FALSE	TH-107 ED
SLX-7239.D711_D501.C2FUJACXX.6	TH-107	SLX-7239.D711_D501.C2FUJACXX.s_6	C2FUJACXX	E2+DHT	FALSE	TH-107 ED
SLX-7239.D711_D501.C2FUJACXX.7	TH-107	SLX-7239.D711_D501.C2FUJACXX.s_7	C2FUJACXX	E2+DHT	FALSE	TH-107 ED
SLX-7239.D711_D501.C2FUJACXX.8	TH-107	SLX-7239.D711_D501.C2FUJACXX.s_8	C2FUJACXX	E2+DHT	FALSE	TH-107 ED
SLX-7239.D711_D502.C2FTBACXX.1	TH-85	SLX-7239.D711_D502.C2FTBACXX.s_1	C2FTBACXX	DHT	FALSE	TH-85 D
SLX-7239.D711_D502.C2FTBACXX.2	TH-85	SLX-7239.D711_D502.C2FTBACXX.s_2	C2FTBACXX	DHT	FALSE	TH-85 D
SLX-7239.D711_D502.C2FTBACXX.3	TH-85	SLX-7239.D711_D502.C2FTBACXX.s_3	C2FTBACXX	DHT	FALSE	TH-85 D
SLX-7239.D711_D502.C2FTBACXX.4	TH-85	SLX-7239.D711_D502.C2FTBACXX.s_4	C2FTBACXX	DHT	FALSE	TH-85 D
SLX-7239.D711_D502.C2FUJACXX.5	TH-85	SLX-7239.D711_D502.C2FUJACXX.s_5	C2FUJACXX	DHT	FALSE	TH-85 D
SLX-7239.D711_D502.C2FUJACXX.6	TH-85	SLX-7239.D711_D502.C2FUJACXX.s_6	C2FUJACXX	DHT	FALSE	TH-85 D
SLX-7239.D711_D502.C2FUJACXX.7	TH-85	SLX-7239.D711_D502.C2FUJACXX.s_7	C2FUJACXX	DHT	FALSE	TH-85 D
SLX-7239.D711_D502.C2FUJACXX.8	TH-85	SLX-7239.D711_D502.C2FUJACXX.s_8	C2FUJACXX	DHT	FALSE	TH-85 D
SLX-7239.D711_D504.C2FTBACXX.1	TH-89	SLX-7239.D711_D504.C2FTBACXX.s_1	C2FTBACXX	Veh	FALSE	TH-89 V
SLX-7239.D711_D504.C2FTBACXX.2	TH-89	SLX-7239.D711_D504.C2FTBACXX.s_2	C2FTBACXX	Veh	FALSE	TH-89 V
SLX-7239.D711_D504.C2FTBACXX.3	TH-89	SLX-7239.D711_D504.C2FTBACXX.s_3	C2FTBACXX	Veh	FALSE	TH-89 V
SLX-7239.D711_D504.C2FTBACXX.4	TH-89	SLX-7239.D711_D504.C2FTBACXX.s_4	C2FTBACXX	Veh	FALSE	TH-89 V
SLX-7239.D711_D504.C2FUJACXX.5	TH-89	SLX-7239.D711_D504.C2FUJACXX.s_5	C2FUJACXX	Veh	FALSE	TH-89 V
SLX-7239.D711_D504.C2FUJACXX.6	TH-89	SLX-7239.D711_D504.C2FUJACXX.s_6	C2FUJACXX	Veh	FALSE	TH-89 V
SLX-7239.D711_D504.C2FUJACXX.7	TH-89	SLX-7239.D711_D504.C2FUJACXX.s_7	C2FUJACXX	Veh	FALSE	TH-89 V
SLX-7239.D711_D504.C2FUJACXX.8	TH-89	SLX-7239.D711_D504.C2FUJACXX.s_8	C2FUJACXX	Veh	FALSE	TH-89 V
SLX-7239.D711_D505.C2FTBACXX.1	TH-106	SLX-7239.D711_D505.C2FTBACXX.s_1	C2FTBACXX	E2	FALSE	TH-106 E
SLX-7239.D711_D505.C2FTBACXX.2	TH-106	SLX-7239.D711_D505.C2FTBACXX.s_2	C2FTBACXX	E2	FALSE	TH-106 E
SLX-7239.D711_D505.C2FTBACXX.3	TH-106	SLX-7239.D711_D505.C2FTBACXX.s_3	C2FTBACXX	E2	FALSE	TH-106 E
SLX-7239.D711_D505.C2FTBACXX.4	TH-106	SLX-7239.D711_D505.C2FTBACXX.s_4	C2FTBACXX	E2	FALSE	TH-106 E
SLX-7239.D711_D505.C2FUJACXX.5	TH-106	SLX-7239.D711_D505.C2FUJACXX.s_5	C2FUJACXX	E2	FALSE	TH-106 E
SLX-7239.D711_D505.C2FUJACXX.6	TH-106	SLX-7239.D711_D505.C2FUJACXX.s_6	C2FUJACXX	E2	FALSE	TH-106 E
SLX-7239.D711_D505.C2FUJACXX.7	TH-106	SLX-7239.D711_D505.C2FUJACXX.s_7	C2FUJACXX	E2	FALSE	TH-106 E
SLX-7239.D711_D505.C2FUJACXX.8	TH-106	SLX-7239.D711_D505.C2FUJACXX.s_8	C2FUJACXX	E2	FALSE	TH-106 E
SLX-7239.D711_D506.C2FTBACXX.1	TH-82	SLX-7239.D711_D506.C2FTBACXX.s_1	C2FTBACXX	E2+DHT	FALSE	TH-82 ED
SLX-7239.D711_D506.C2FTBACXX.2	TH-82	SLX-7239.D711_D506.C2FTBACXX.s_2	C2FTBACXX	E2+DHT	FALSE	TH-82 ED
SLX-7239.D711_D506.C2FTBACXX.3	TH-82	SLX-7239.D711_D506.C2FTBACXX.s_3	C2FTBACXX	E2+DHT	FALSE	TH-82 ED
SLX-7239.D711_D506.C2FTBACXX.4	TH-82	SLX-7239.D711_D506.C2FTBACXX.s_4	C2FTBACXX	E2+DHT	FALSE	TH-82 ED
SLX-7239.D711_D506.C2FUJACXX.5	TH-82	SLX-7239.D711_D506.C2FUJACXX.s_5	C2FUJACXX	E2+DHT	FALSE	TH-82 ED
SLX-7239.D711_D506.C2FUJACXX.6	TH-82	SLX-7239.D711_D506.C2FUJACXX.s_6	C2FUJACXX	E2+DHT	FALSE	TH-82 ED
SLX-7239.D711_D506.C2FUJACXX.7	TH-82	SLX-7239.D711_D506.C2FUJACXX.s_7	C2FUJACXX	E2+DHT	FALSE	TH-82 ED
SLX-7239.D711_D506.C2FUJACXX.8	TH-82	SLX-7239.D711_D506.C2FUJACXX.s_8	C2FUJACXX	E2+DHT	FALSE	TH-82 ED
SLX-7239.D711_D507.C2FTBACXX.1	TH-88	SLX-7239.D711_D507.C2FTBACXX.s_1	C2FTBACXX	Veh	FALSE	TH-88 V
SLX-7239.D711_D507.C2FTBACXX.2	TH-88	SLX-7239.D711_D507.C2FTBACXX.s_2	C2FTBACXX	Veh	FALSE	TH-88 V
SLX-7239.D711_D507.C2FTBACXX.3	TH-88	SLX-7239.D711_D507.C2FTBACXX.s_3	C2FTBACXX	Veh	FALSE	TH-88 V
SLX-7239.D711_D507.C2FTBACXX.4	TH-88	SLX-7239.D711_D507.C2FTBACXX.s_4	C2FTBACXX	Veh	FALSE	TH-88 V
SLX-7239.D711_D507.C2FUJACXX.5	TH-88	SLX-7239.D711_D507.C2FUJACXX.s_5	C2FUJACXX	Veh	FALSE	TH-88 V
SLX-7239.D711_D507.C2FUJACXX.6	TH-88	SLX-7239.D711_D507.C2FUJACXX.s_6	C2FUJACXX	Veh	FALSE	TH-88 V
SLX-7239.D711_D507.C2FUJACXX.7	TH-88	SLX-7239.D711_D507.C2FUJACXX.s_7	C2FUJACXX	Veh	FALSE	TH-88 V
SLX-7239.D711_D507.C2FUJACXX.8	TH-88	SLX-7239.D711_D507.C2FUJACXX.s_8	C2FUJACXX	Veh	FALSE	TH-88 V
SLX-7239.D711_D508.C2FTBACXX.1	TH-83	SLX-7239.D711_D508.C2FTBACXX.s_1	C2FTBACXX	E2	FALSE	TH-83 E
SLX-7239.D711_D508.C2FTBACXX.2	TH-83	SLX-7239.D711_D508.C2FTBACXX.s_2	C2FTBACXX	E2	FALSE	TH-83 E
SLX-7239.D711_D508.C2FTBACXX.3	TH-83	SLX-7239.D711_D508.C2FTBACXX.s_3	C2FTBACXX	E2	FALSE	TH-83 E
SLX-7239.D711_D508.C2FTBACXX.4	TH-83	SLX-7239.D711_D508.C2FTBACXX.s_4	C2FTBACXX	E2	FALSE	TH-83 E
SLX-7239.D711_D508.C2FUJACXX.5	TH-83	SLX-7239.D711_D508.C2FUJACXX.s_5	C2FUJACXX	E2	FALSE	TH-83 E
SLX-7239.D711_D508.C2FUJACXX.6	TH-83	SLX-7239.D711_D508.C2FUJACXX.s_6	C2FUJACXX	E2	FALSE	TH-83 E
SLX-7239.D711_D508.C2FUJACXX.7	TH-83	SLX-7239.D711_D508.C2FUJACXX.s_7	C2FUJACXX	E2	FALSE	TH-83 E
SLX-7239.D711_D508.C2FUJACXX.8	TH-83	SLX-7239.D711_D508.C2FUJACXX.s_8	C2FUJACXX	E2	FALSE	TH-83 E
SLX-7239.D712_D502.C2FTBACXX.1	TH-107	SLX-7239.D712_D502.C2FTBACXX.s_1	C2FTBACXX	E2	FALSE	TH-107 E
SLX-7239.D712_D502.C2FTBACXX.2	TH-107	SLX-7239.D712_D502.C2FTBACXX.s_2	C2FTBACXX	E2	FALSE	TH-107 E
SLX-7239.D712_D502.C2FTBACXX.3	TH-107	SLX-7239.D712_D502.C2FTBACXX.s_3	C2FTBACXX	E2	FALSE	TH-107 E
SLX-7239.D712_D502.C2FTBACXX.4	TH-107	SLX-7239.D712_D502.C2FTBACXX.s_4	C2FTBACXX	E2	FALSE	TH-107 E
SLX-7239.D712_D502.C2FUJACXX.5	TH-107	SLX-7239.D712_D502.C2FUJACXX.s_5	C2FUJACXX	E2	FALSE	TH-107 E
SLX-7239.D712_D502.C2FUJACXX.6	TH-107	SLX-7239.D712_D502.C2FUJACXX.s_6	C2FUJACXX	E2	FALSE	TH-107 E
SLX-7239.D712_D502.C2FUJACXX.7	TH-107	SLX-7239.D712_D502.C2FUJACXX.s_7	C2FUJACXX	E2	FALSE	TH-107 E
SLX-7239.D712_D502.C2FUJACXX.8	TH-107	SLX-7239.D712_D502.C2FUJACXX.s_8	C2FUJACXX	E2	FALSE	TH-107 E
SLX-7239.D712_D503.C2FTBACXX.1	TH-105	SLX-7239.D712_D503.C2FTBACXX.s_1	C2FTBACXX	Veh	FALSE	TH-105 V
SLX-7239.D712_D503.C2FTBACXX.2	TH-105	SLX-7239.D712_D503.C2FTBACXX.s_2	C2FTBACXX	Veh	FALSE	TH-105 V
SLX-7239.D712_D503.C2FTBACXX.3	TH-105	SLX-7239.D712_D503.C2FTBACXX.s_3	C2FTBACXX	Veh	FALSE	TH-105 V
SLX-7239.D712_D503.C2FTBACXX.4	TH-105	SLX-7239.D712_D503.C2FTBACXX.s_4	C2FTBACXX	Veh	FALSE	TH-105 V
SLX-7239.D712_D503.C2FUJACXX.5	TH-105	SLX-7239.D712_D503.C2FUJACXX.s_5	C2FUJACXX	Veh	FALSE	TH-105 V
SLX-7239.D712_D503.C2FUJACXX.6	TH-105	SLX-7239.D712_D503.C2FUJACXX.s_6	C2FUJACXX	Veh	FALSE	TH-105 V
SLX-7239.D712_D503.C2FUJACXX.7	TH-105	SLX-7239.D712_D503.C2FUJACXX.s_7	C2FUJACXX	Veh	FALSE	TH-105 V
SLX-7239.D712_D503.C2FUJACXX.8	TH-105	SLX-7239.D712_D503.C2FUJACXX.s_8	C2FUJACXX	Veh	FALSE	TH-105 V
